date,hour,min,sec,tsu,vol,loc_name,lat,long,dep,mag,death_num,death_de,injury_num,injury_de,damage_mil,damage_de,house_destroyed_num,house_destroyed_de,house_damaged_num,house_damaged_de
2000-01-03,22,34,12.6,,,INDIA-BANGLADESH BORDER: MAHESHKHALI,22.132,92.771,33,4.6,,,,,,1,,,,
2000-01-11,23,43,56.4,,,CHINA: LIAONING PROVINCE,40.498,122.994,10,5.1,,,30,1,,3,3600,4,8800,4
2000-01-14,23,37,7.8,,,CHINA: YUNNAN PROVINCE: YAOAN COUNTY,25.607,101.063,33,5.9,5,1,2528,4,73.5,4,41000,4,,
2000-02-02,22,58,1.5,,,"IRAN: BARDASKAN, KASHMAR",35.288,58.218,33,5.3,1,1,15,1,,2,100,2,100,2
2000-02-07,19,34,57,,,SOUTH AFRICA; SWAZILAND: MBABANE-MANZINI,-26.288,30.888,5,4.5,,,1,1,,1,,,,
2000-03-28,11,0,22.5,,,JAPAN: VOLCANO ISLANDS,22.338,143.73,127,7.6,,,,,,,,,,
2000-04-05,4,36,58.8,1,,GREECE: CRETE,34.22,25.69,38,5.5,,,,,,,,,,
2000-05-04,4,21,16.2,1,,"INDONESIA: SULAWESI: LUWUK, BANGGAI, PELENG,",-1.105,123.573,26,7.6,46,1,264,3,30,4,10000,4,,
2000-05-07,23,10,54.1,,,"TURKEY: DOGANYOL, PUTURGE",38.164,38.777,5,4.1,,,,,,2,,,,
2000-05-17,3,25,48.7,,,TAIWAN: TAI-CHUNG COUNTY,24.223,121.058,10,5.4,3,1,13,1,,1,,,,
2000-06-04,16,28,26.1,,,"INDONESIA: SUMATRA: BENGKULU, ENGGANO",-4.721,102.087,33,7.9,103,3,2174,4,6,3,,,,
2000-06-06,2,41,49.8,,,"TURKEY: CERKES, CUBUK, ORTA",40.693,32.992,10,6,2,1,80,2,,3,,,,
2000-06-07,21,46,55.9,,,CHINA: YUNNAN PROVINCE: LIUKU; MYANMAR,26.856,97.238,33,6.3,,,,,,1,,2,,2
2000-06-07,23,45,26.6,,,INDONESIA: SOUTHERN SUMATERA: LAHAT,-4.612,101.905,33,6.7,1,1,,,,2,,,600,3
2000-06-10,18,23,29.3,,,TAIWAN: NAN-TOU,23.843,121.225,33,6.4,2,1,36,1,,1,,,,
2000-06-17,15,40,41.7,,,"ICELAND: VESTMANNAEYJAR, HELLA",63.966,-20.487,10,6.5,,,1,1,20,3,11,1,11,1
2000-06-18,14,44,13.3,1,,"AUSTRALIA: S, COCOS ISLANDS",-13.802,97.453,10,7.9,,,,,,,,,,
2000-06-21,0,51,46.8,,,"ICELAND: GRIMSNES, SELFOSS, EYRARBAKKI, STOKKSEYRI",63.98,-20.758,10,6.5,,,,,12,3,12,1,12,1
2000-07-01,7,1,55.5,1,1,JAPAN: NEAR S COAST HONSHU: KOZU-SHIMA,34.221,139.131,10,6.1,1,1,,3,,1,,,,
2000-07-06,19,30,20.3,,,NICARAGUA: MASAYA,11.884,-85.988,33,5.4,7,1,42,1,,3,357,3,1130,4
2000-07-12,1,10,42.6,,,"INDONESIA: JAWA:BANDUNG,CIBADAK,CIMANDIRI,KADUDAMPIT",-6.675,106.845,33,5.4,,,6,1,,2,,,225,3
2000-07-15,1,30,30.5,1,,JAPAN: NEAR S COAST HONSHU: NII-JIMA,34.319,139.26,10,6.1,,,10,1,,1,,,20,1
2000-07-16,3,21,45.5,,,"PHILIPPINES: BASCO, MOUNT IRADA, BATAN ISLANDS",20.253,122.043,33,6.4,,,6,1,,2,,,,3
2000-07-30,12,25,45.5,1,,JAPAN: HONSHU: S,33.901,139.376,10,6.5,,,1,1,,1,,,,
2000-08-04,21,13,2.7,,,"RUSSIA: SAKHALIN ISLAND, UGLEGORSK, MAKAROV",48.786,142.246,10,6.8,,,8,1,0.92,1,,,1390,4
2000-08-21,13,25,44.5,,,CHINA: YUNNAN PROVINCE: WUDING,25.826,102.194,33,4.2,1,1,406,3,43,4,,,,
2000-09-03,8,36,30,,,CALIFORNIA: NAPA,38.379,-122.413,10,5,,,41,1,50,4,,,,
2000-10-02,2,25,31.3,,,"TANZANIA: NKANSI, RUKWA",-7.977,30.709,34,6.5,,,6,1,,1,7,1,150,3
2000-10-06,4,30,19.1,,,"JAPAN: HONSHU: W: OKAYAMA, TOTTORI",35.456,133.134,10,6.7,,,130,3,150,4,104,3,2230,4
2000-10-30,22,39,6.5,,,AFGHANISTAN-TAJIKISTAN: RAKHOR,37.542,69.582,33,5.1,,,,,,2,,,,
2000-11-08,6,59,58.8,,,PANAMA-COLOMBIA: JURADO,7.042,-77.829,17,6.5,,,2,1,,2,,,86,2
2000-11-16,4,54,55.9,1,,"PAPUA NEW GUINEA: NEW IRELAND, DUKE OF YORK",-4.001,152.327,17,8,2,1,,,,2,,3,,
2000-11-16,7,42,16.9,,,"PAPUA NEW GUINEA: NEW IRELAND, NEW BRITAIN",-5.233,153.102,30,7.8,,,,,,1,,,,
2000-11-17,21,1,56.4,,,PAPUA NEW GUINEA: NEW BRITAIN,-5.496,151.781,33,7.8,,,,,,,,,,
2000-11-25,18,9,11.4,,,AZERBAIJAN: BAKU,40.245,49.946,50,6.8,31,1,430,3,,1,,,,
2000-12-06,17,11,6.4,,,TURKMENISTAN: NEBITDAG-TURKMENBASHI,39.566,54.799,30,7,11,1,,2,,1,,,,
2000-12-15,16,44,47.6,,,TURKEY: AFYON-BOLVADIN,38.457,31.351,10,6,6,1,41,1,,1,,,,
2001-01-01,6,57,4.1,,,PHILIPPINES: MINDANAO,6.898,126.579,33,7.5,,,,,,,,,,
2001-01-13,17,33,32.3,1,,EL SALVADOR: DAMAGE & INJURIES IN EVERY DEPT.,13.049,-88.66,60,7.7,844,3,4723,4,753,4,108226,4,169632,4
2001-01-26,3,16,40.5,,,"INDIA: GUJARAT: BHUJ, AHMADABAD, RAJOKOT; PAKISTAN",23.419,70.232,16,7.7,20005,4,166836,4,2623,4,339000,4,339000,4
2001-02-13,14,22,5.8,,,EL SALVADOR: SAN JUAN TEPEZONTES-SAN VICENTE-COJUTEP,13.671,-88.938,10,6.6,315,3,3399,4,348.5,4,41302,4,15706,4
2001-02-23,0,9,23.6,,,"CHINA: SICHUAN PROVINCE: KANGDING, YAJIANG",29.513,101.129,33,5.6,3,1,109,3,,3,60000,4,60000,4
2001-02-28,18,54,32.8,,,"WASHINGTON: OLYMPIA, SEATTLE, TACOMA",47.149,-122.727,52,6.8,1,1,400,3,2000,4,,,,
2001-03-24,6,27,53.5,,,"JAPAN: HIROSHIMA, OKAYAMA, HONSHU, KAGAMA",34.083,132.526,50,6.8,2,1,161,3,500,4,,,3700,4
2001-05-08,18,2,16.9,,,EL SALVADOR: CONCHAGUA,13.605,-88.795,10,5.7,1,1,,,,2,84,2,70,2
2001-05-23,21,10,43.9,,,CHINA: YUNNAN: NINGLANG; SICHUAN: YANYUAN,27.689,101.003,33,5.5,2,1,605,3,36,4,,,,
2001-06-01,14,0,43.6,,,AFGHANISTAN: HINDU KUSH: PARVAN,35.169,69.389,62,5,4,1,20,1,,1,,2,,2
2001-06-23,20,33,14.1,1,,"PERU: AREQUIPA, MOQUEGUA, TACNA, AYACUCHO",-16.265,-73.641,33,8.4,77,2,2713,4,,4,22399,4,,
2001-06-25,13,28,46.5,,,TURKEY: OSMANIYE,37.238,36.206,5,5.5,,,130,3,,1,,,,
2001-07-05,13,53,48.3,,,"PERU: CARAVELI, CHALA, ARICA, IQUIQUE, PARINACOTA",-16.086,-73.987,62,6.6,,,,,,2,300,3,,
2001-07-07,9,38,43.5,,,"PERU: AREQUIPA, ARICA",-17.543,-72.077,33,7.6,1,1,30,1,,2,200,3,,
2001-07-14,18,36,8.3,,,CHINA: YUNNAN PROVINCE: JIANGCHUAN,24.455,102.66,33,4.3,,,2,1,,1,150,3,150,3
2001-07-26,0,21,36.9,,,GREECE: SKYROS,39.059,24.244,10,6.5,,,,,,1,,,100,2
2001-08-09,2,6,59.9,,,PERU: ANTABAMA,-14.258,-72.683,33,5.8,4,1,15,1,,2,,3,,
2001-09-09,23,59,18,,,CALIFORNIA: LOS ANGELES,34.059,-118.387,5,4.2,,,,,,1,,,,
2001-10-12,5,2,34,1,,CANADA: QUEEN CHARLOTTE ISLANDS,52.63,-132.2,20,6.1,,,,,,,,,,
2001-10-12,15,2,16.8,,,GUAM,12.686,144.98,37,7,,,1,1,,2,,3,,
2001-10-19,3,28,44.4,,,INDONESIA: BANDA SEA,-4.102,123.907,33,7.5,,,,,,,,,,
2001-10-27,5,35,39.7,,,CHINA: YUNNAN PROVINCE: YONGSHENG,26.316,100.648,10,5.6,1,1,220,3,,2,3400,4,3400,4
2001-11-14,9,26,10,,,CHINA: QINGHAI PROVINCE: XIDATAN,35.946,90.541,10,7.8,,,,,,1,,2,,2
2001-12-18,4,2,58.2,1,,TAIWAN,23.954,122.734,14,6.8,,,,,,,,,,
2001-12-19,7,54,7.9,,,BANGLADESH: DHAKA,23.632,90.376,10,4.5,,,100,2,,1,,,,2
2002-01-02,17,22,48.7,1,,"VANUATU ISLANDS: EFATE, PORT VILA",-17.6,167.856,21,7.2,,,,2,,1,,,,2
2002-01-09,6,45,57.5,,,TAJIKISTAN: ROGHUN,38.673,69.902,33,5.3,3,1,50,1,,2,,,209,3
2002-01-10,11,14,56.9,,,PAPUA NEW GUINEA: AITAPE,-3.212,142.427,11,6.7,1,1,,,,2,200,3,,
2002-01-14,15,36,26.4,,,"CHILE: NORTHERN: CUYA, HUARA, IQUIQUE, POZO ALMONTE",-19.384,-69.231,33,5.6,,,,,,1,,,,1
2002-01-17,20,1,29.2,,,RWANDA: GISENYI,-1.684,29.077,15,4.7,,1,,,,2,307,,,
2002-01-30,8,42,3.4,,,"MEXICO: VERACRUZ: SAN ANDRES TUXTLA, TUXTEPEC",18.194,-95.908,109,5.9,,,,,,1,,,,2
2002-02-03,7,11,28.4,,,TURKEY: AFYON,38.573,31.271,5,6.5,44,1,318,3,,2,,,,
2002-02-03,20,59,27.6,,,TAJIKISTAN: ROGHUN,38.773,69.924,44,4.9,,,,2,,1,,,,2
2002-02-17,13,3,52.7,,,IRAN: BAGHAN,28.093,51.755,33,5.4,1,1,30,1,,2,,,,
2002-02-22,19,32,41.7,,,"MEXICO: MEXICALI, BAJA CALIFORNIA",32.319,-115.322,7,5.5,,,,,,1,,,,
2002-03-03,12,8,19.7,,,"AFGHANISTAN: HINDU KUSH: SAMANGHAN, KABUL, RUSTAQ",36.502,70.482,226,7.4,166,3,,2,,3,300,3,300,3
2002-03-05,21,16,9.1,1,,PHILIPPINES: MINDANAO,6.033,124.249,31,7.5,15,1,100,2,1.714,2,,,800,3
2002-03-25,14,56,33.8,,,"AFGHANISTAN: HINDU KUSH: BAGHLAN, NAHRIN",36.062,69.315,8,6.1,1000,3,200,3,,4,1500,4,1500,4
2002-03-26,3,45,48.7,1,,JAPAN: RYUKYU ISLANDS,23.346,124.09,33,6.4,,,,,,,,,,
2002-03-31,6,52,50.4,1,,TAIWAN: TAIPEI,24.279,122.179,33,7.1,5,1,200,3,,2,100,2,,
2002-04-01,19,59,32.4,,,"CHILE: CENTRAL: COQUIMBO, LA SERENA, OVALLE",-29.67,-71.384,71,6.4,,,,,,1,,,,
2002-04-12,4,0,23.7,,,TAJIKISTAN; AFGHANISTAN: DO ABI-NAHRIN,39.959,69.417,10,5.9,50,1,150,3,,2,160,3,160,3
2002-04-18,16,8,36.7,,,"CHILE: COPIAPO, TALTAL",-27.535,-70.586,62,6.6,,,19,1,,2,34,1,575,3
2002-04-20,10,50,47.5,,,"NEW YORK: CLINTON, ESSEX, AU SABLE FORKS",44.513,-73.699,11,5.2,,,,,,1,,,,
2002-04-24,10,51,50.9,,,BALKANS NW: KOSOVO; MACEDONIA: N,42.436,21.466,10,5.7,1,1,60,2,,1,,,,
2002-04-24,19,48,7.1,,,IRAN: WESTERN: KERMANSHAH,34.642,47.4,33,5.4,2,1,56,2,,4,,4,,4
2002-04-25,17,41,21.5,,,GEORGIA: TBILISI,41.765,44.96,10,4.3,5,1,52,2,,3,,,2400,4
2002-04-26,16,6,7,,,GUAM,13.088,144.619,86,7.1,,,5,1,,1,,,,
2002-05-18,15,15,8.8,,,TANZANIA: BUNDA,-2.907,33.733,10,5.5,2,1,,,,2,690,3,700,3
2002-05-28,4,4,22.5,,,"ARGENTINA: AMINGA, ANILLACO, AGUA BLANCA, CHUQUIS",-28.937,-66.797,22,6,,,27,1,,2,40,1,40,1
2002-06-20,5,40,43.3,,,"BANGLADESH: RANGPUR, THAKURGAON, ALMANAGAR",25.842,88.932,40,4.5,,,55,2,,1,,,,2
2002-06-22,2,58,21.3,,,IRAN: AB GARM-ABHAR-AVAJ-SHIRIN SU,35.626,49.047,10,6.5,261,3,1300,4,300,4,,4,,4
2002-07-22,5,45,3,,,"GERMANY: AACHEN, COLOGNE, SPANGDAHLEM",50.889,6.103,17,4.8,,,,,,1,,,,
2002-07-31,0,16,44.6,,,"PANAMA: BARU, ALANJE, DAVID; COSTA RICA: LAUREL",7.929,-82.793,10,6.5,,,11,1,,2,,2,,3
2002-08-08,11,42,5,,,CHINA: SICHUAN PROVINCE: RULONG,30.916,99.927,33,5.3,,,,,,1,8,1,8,1
2002-08-14,13,57,52.1,,,NORTHERN MARIANA ISLANDS: SAIPAN,14.101,146.199,30,6.5,,,,,,1,,,,1
2002-08-15,5,30,26.2,,,INDONESIA: SULAWESI: TOJO,-1.196,121.333,10,6.2,48,1,,,,2,,,200,3
2002-08-19,11,1,1.1,,,FIJI ISLANDS,-21.696,-179.513,580,7.7,,,,,,,,,,
2002-08-19,11,8,24.3,,,FIJI ISLANDS,-23.884,178.495,675,7.7,,,,,,,,,,
2002-08-24,20,1,18.3,,,EGYPT: CAIRO,30.2,31.41,10,4.4,,,,,,1,,,44,1
2002-09-02,1,0,3.2,,,"IRAN: KAK, RAZAN, SIZAN",35.701,48.838,10,5.2,,,,,,1,,,,
2002-09-05,11,3,5.8,,,KYRGYZSTAN,39.77,72.007,32,5.5,,,,,,1,,,,
2002-09-06,1,21,28.6,,,ITALY: SICILY: PALERMO,38.381,13.701,5,6,2,1,20,1,500,4,,,,2
2002-09-08,18,44,25.5,1,,"PAPUA NEW GUINEA: KAIRIRU IS, MUSCHU IS, WEWAK",-3.26,142.94,13,7.6,4,1,70,2,,3,,1,873,3
2002-09-13,22,28,29.4,1,,"INDIA: ANDAMAN ISLANDS: RONGAT, DIGLIPUR,ARIEL BAY",13.036,93.068,21,6.5,2,1,,,,1,40,1,,1
2002-09-20,15,43,35.4,,,INDONESIA: NEW GUINEA: IRIAN JAYA: RANSIKI,-1.68,134.234,10,6.4,,,,,,1,,,31,1
2002-09-22,23,53,14.6,,,"UNITED KINGDOM: MANSFIELD, DUDLEY",52.52,-2.15,9,4.8,,,1,1,,1,,,,
2002-09-25,18,14,48.5,,,MEXICO: ACAPULCO,16.87,-100.113,6,5.3,,,2,1,,1,,,,2
2002-09-25,22,28,11.9,,,IRAN: MASJED-E SOLEYMAN,31.995,49.329,10,5.6,,,5,1,,2,,,,
2002-09-30,6,44,48,,,"FRANCE: HENNEBONT, LANGUIDIC, LORIENT, TREMOREL",47.832,-3.207,10,4.2,,,,,,1,,,,1
2002-10-10,10,50,20.5,1,,"INDONESIA: NEW GUINEA: MANOKWARI, ORANSBARI, RANSIKI",-1.757,134.297,10,7.6,8,1,632,3,,3,1000,3,900,3
2002-10-23,11,27,19.4,,,"ALASKA: CANTWELL, DENALI NATL PARK",63.514,-147.912,4,6.7,,,,,,2,,,,
2002-10-24,6,8,37.9,,,"CONGO: GOMA, LWIRO, BUKAVU; RWANDA: MUGERA, KIGALI",-1.884,29.004,11,6.2,2,1,,,,1,,2,,
2002-10-29,10,2,21.5,,1,ITALY: SICILY: SANTA VENERINA,37.67,15.267,10,4.3,,,9,1,,1,,,,2
2002-10-31,10,32,58.7,,,"ITALY: SAN GUILIANO DI PUGLIA, CAMPOBASSO",41.789,14.872,10,5.7,29,1,135,3,796,4,,,,4
2002-11-01,22,9,29.2,,,PAKISTAN: GILGIT,35.517,74.654,33,5.4,11,1,40,1,,3,,3,,3
2002-11-02,1,26,10.7,,,INDONESIA: SUMATERA: SIMEULUE,2.824,96.085,30,7.3,3,1,65,2,,3,,,994,3
2002-11-03,22,12,41,,,"ALASKA: SLANA, MENTASTA LAKE, FAIRBANKS",63.517,-147.444,5,7.9,,,1,1,56,4,,,,
2002-11-20,21,32,30.8,,,"PAKISTAN: DASHKIN, DOIAN, MUSHKIN",35.414,74.515,33,6.3,19,1,40,1,,3,100,2,100,2
2002-11-27,16,43,17.5,,,VANUATU ISLANDS: MERE LAVA ISLAND,-14.49,167.827,33,5.9,,,3,1,,2,,,,
2002-12-02,4,58,55.1,,,"GREECE: MEGALOPOLIS, VARTHOLOMION",37.747,21.087,10,5.7,,,17,1,,2,8,1,100,2
2002-12-14,13,27,29.1,,,CHINA: GANSU PROVINCE: YUMNE,39.736,97.443,22,5.5,2,1,,,,3,13380,4,,
2002-12-24,17,3,2.9,,,IRAN: KERMANSHAH,34.594,47.454,33,5.2,,,15,1,,3,3000,4,3000,4
2002-12-25,12,57,3.2,,,CHINA: XINJIANG: WUQIA,39.57,75.254,10,5.7,,,,,,1,,2,,
2002-12-25,19,13,42.7,,,AFGHANISTAN: JALALABAD,35.704,69.868,91,5.5,,,,,,1,,,,
2003-01-11,17,45,30.6,,,"IRAN: KAZERUN, NURABAD",29.59,51.474,33,5.2,,,,2,,3,650,3,650,3
2003-01-20,8,43,6,1,,"SOLOMON ISLANDS: HONIARA, SAN CRISTOBAL",-10.491,160.77,33,7.3,,,,,,,,,,
2003-01-22,2,6,34.6,1,,"MEXICO: VILLA DE ALVAREZ, COLIMA, TECOMAN, JALISCO",18.77,-104.104,24,7.5,29,1,300,3,,3,2005,4,6615,4
2003-01-23,0,8,22.8,,,INDONESIA: SUMBAWA ISLAND: DOMPU,-8.807,118.524,33,5.5,,,2,1,,2,,,500,3
2003-01-26,19,57,3.2,,,"ITALY: SPINELLO, SANTA SOFIA, BAGNO DI ROMAGNA",43.883,11.96,7,4.7,,,,,,1,,,,1
2003-01-27,5,26,23,,,"TURKEY: SAGLAMTAS, PULUMUR",39.5,39.878,10,6.1,1,1,,2,,1,,,,
2003-02-13,17,34,20.9,,,CHINA: N. XINJIANG: URUMQI,43.897,85.923,24,5.3,,,,,,1,,,,
2003-02-15,5,47,58.9,,,PHILIPPINES: LUZON: DIMASALANG,12.171,123.921,10,5.8,,,,,,1,,,,
2003-02-15,11,1,59.8,,,"PHILIPPINES: MASBATE, DIMASALANG",12.168,124.079,10,6.3,,,,,,1,,,,2
2003-02-22,12,19,10.5,,,CALIFORNIA: BIG BEAR CITY,34.31,-116.848,1,5.2,,,,,,1,,,,
2003-02-22,20,41,3.4,,,"FRANCE: BACCARAT, COLMAR, THANN; GERMANY: EDIGEN",48.342,6.57,10,5,,,,,,1,,,,
2003-02-24,2,3,41.4,,,CHINA: S. XINJIANG: BACHU,39.61,77.23,11,6.3,261,3,4000,4,,4,71000,4,,
2003-02-25,3,52,41,,,CHINA: S. XINJIANG: BACHU,39.483,77.393,10,5.4,5,1,,,,1,,,,
2003-03-21,11,38,20,,,"INDONESIA: JAVA: CARACAS, CILIMUS, SAMPORA",-6.983,108.468,33,4.6,,,,,,2,,,,
2003-03-22,13,36,16,,,GERMANY: ALBSTADT,48.21,9,6,4.7,,,,,,1,,,,
2003-03-25,2,53,25,,,INDONESIA: FLORES: REO,-8.294,120.743,33,6.5,4,1,20,1,,1,,,,2
2003-03-25,18,51,26.3,,,BHUTAN: PHUENTSHOLING,27.264,89.331,47,5.5,,,,,,1,,,,
2003-04-10,0,40,15.1,,,"TURKEY: IZMIR, SEFERIHISAR",38.221,26.958,10,5.7,,,90,2,,2,,2,,2
2003-04-17,0,48,38.5,,,CHINA: QINGHAI PROVINCE: DELINGHA,37.529,96.476,14,6.4,,,,,,1,45,1,45,1
2003-04-29,8,59,39,,,"ALABAMA: FORT PAYNE,GAYLESVILLE,VALLEY HEAD",34.494,-85.629,20,4.6,,,,,,1,,,,
2003-05-01,0,27,4.7,,,TURKEY: BINGOL,39.007,40.464,10,6.4,177,3,521,3,,3,718,3,718,3
2003-05-04,15,44,35.5,,,CHINA: S. XINJIANG: YOPURGA,39.43,77.219,10,5.8,1,1,3,1,,3,1600,4,,
2003-05-21,18,44,20.1,1,,"ALGERIA: ALGIERS, BOUMERDES, REGHIA, THENIA",36.964,3.634,12,6.8,2266,4,10261,4,5000,4,43000,4,43000,4
2003-05-26,9,24,33.4,,,"JAPAN: HONSHU: IWATE, MIYAGI, YAMAGATA, AKITA",38.849,141.568,68,7,,,143,3,233,4,,,720,3
2003-05-26,19,23,27.9,,,"INDONESIA: MOROTAI, BEREBERE, DARUBA",2.354,128.855,31,7,1,1,7,1,,1,28,1,20,1
2003-05-27,17,11,28.8,1,,"ALGERIA: ALGIERS, BOUMERDES, REGHAIA",36.939,3.578,8,5.7,9,1,200,3,,2,,3,,
2003-06-06,12,29,34,,,KENTUCKY: BARDWELL,36.87,-88.98,3,4,,,,,,1,,,,
2003-06-09,7,6,39.3,,,"GREECE: GONNOI, LARISA",39.893,22.309,18,5.2,,,,,,1,,,50,1
2003-06-20,13,30,41.6,,,"CHILE: OVALLE, COQUIMBO; ARGENTINA: SAN JUAN",-30.608,-71.637,33,6.8,,,1,1,,1,,,,2
2003-07-03,14,59,32.2,,,"IRAN: NORTHEASTERN: YAKHAK, BASHIRABAD, BUTEHGAZ",35.476,60.784,41,5.2,,,,,,1,,,,
2003-07-10,17,6,37.6,,,IRAN: SOUTHERN: GAJJIABAD,28.355,54.169,10,5.8,1,1,25,1,,3,3500,4,3500,4
2003-07-15,20,27,50.5,,,INDIAN OCEAN: FELT IN MALDIVES,-2.598,68.382,10,7.6,,,,,,,,,,
2003-07-21,15,16,31.9,,,CHINA: YUNNAN PROVINCE,25.975,101.29,10,5.9,16,1,584,3,75,4,264878,4,264878,4
2003-07-25,15,13,7.7,,,"JAPAN: HONSHU: MIYAGI, IWATE",38.432,141.003,10,5.5,,,569,3,411,4,,,1025,4
2003-07-26,1,0,57.6,,,TURKEY: WESTERN: BULDAN,38.111,28.887,10,4.5,,,,2,,1,,,,
2003-07-26,8,36,49.1,,,TURKEY: WESTERN: BULDAN,38.019,28.927,10,5.4,,,10,1,,1,1,1,1,1
2003-07-26,23,18,17.9,,,BANGLADESH: RANGAMATI,22.854,92.306,10,5.7,2,1,25,1,,2,500,3,,
2003-08-04,4,37,20.1,,,SCOTIA SEA: SOUTH ORKNEY ISLANDS: LAURIE IS,-60.532,-43.411,10,7.6,,,,,,1,,,,
2003-08-11,0,19,9.2,,,INDONESIA: HALMAHERA: WASILE,1.142,128.152,10,6,,,,,,2,,,200,3
2003-08-13,8,29,27.2,,,"PANAMA: COLON, PANAMA CITY",9.355,-79.941,54,5.4,,,,,,1,,,,
2003-08-14,5,14,54.7,,,"GREECE: LEFKADA, PREVEZA",39.16,20.605,10,6.3,,,50,1,,2,,,,2
2003-08-16,10,58,42.7,,,"CHINA: NEI MONGOL: LINDONG, TIANSHAN",43.77,119.643,24,5.4,4,1,1000,3,,3,7900,3,,
2003-08-18,9,3,3.5,,,"CHINA: TIBET (XIZANG PROVINCE): BOMI,MEDOG,NYINGCHI",29.573,95.605,33,5.5,,,,,,1,,,,
2003-08-21,12,12,49.7,1,,"NEW ZEALAND: DUNEDIN,INVERCARGILL,TE ANAU,FIORDLAND",-45.104,167.144,28,7.2,,,,,,1,,,,
2003-09-14,21,42,51.8,,,"ITALY: LOIANO, MONGHIDORO, MONZUNO",44.329,11.45,10,5.3,,,,2,,1,,,10,1
2003-09-20,3,54,50.7,,,JAPAN: HONSHU: TOKYO,34.998,140.172,52,5.7,,,7,1,,1,,,,2
2003-09-21,18,16,13.4,,,MYANMAR (BURMA): TAUNGDWINGYI; THAILAND: BANGKOK,19.917,95.672,10,6.6,,,,,,1,,,,2
2003-09-22,4,45,36.2,,,"DOMINICAN REPUBLIC: PUERTO PLATA, SANTIAGO",19.777,-70.673,10,6.4,3,1,15,1,,3,,3,,
2003-09-25,19,50,6.3,1,,JAPAN: HOKKAIDO,41.815,143.91,27,8.3,,,755,3,90,4,,,,
2003-09-27,11,33,25,,,"RUSSIA: KOSH-AGACH, UST'-ULAGAN, ONGUDAI, SHEBALINO",50.038,87.813,16,7.3,3,1,5,1,10.6,3,300,3,,
2003-09-29,15,27,1,,,RUSSIA: KOSH-AGACH,50,87.89,10,4.4,,,,,,1,,,,
2003-09-29,18,22,32,,,NEW ZEALAND: CHRISTCHURCH,-43.34,173.04,32,4.8,,,,,,1,,,,
2003-10-01,1,3,25.2,,,"RUSSIA: KOSH-AGACH, BARNAUL, GORNO-ALTAYSK",50.211,87.721,10,6.7,,,,,,1,,,,1
2003-10-15,7,30,35.9,,,JAPAN: NEAR S COAST HONSHU: ATSUGI,35.457,139.871,78,5.2,,,,,,1,,,,
2003-10-16,3,20,55.3,,,"DOMINICAN REPUBLIC: MOCA, SANTIAGO",19.761,-70.693,10,4.5,,,,,,1,,,,1
2003-10-16,12,28,9,,,CHINA: YUNNAN PROVINCE: DAYAO,25.954,101.254,33,5.6,3,1,32,1,,3,12000,4,12000,4
2003-10-25,12,41,35.2,,,"CHINA: GANSU PROVINCE: MINLE, SHANDAN",38.4,100.951,10,5.8,9,1,43,1,40,4,10000,4,,
2003-10-31,1,6,28.2,1,,JAPAN: EAST COAST HONSHU,37.812,142.619,10,7,,,,,,,,,,
2003-11-13,2,35,10.3,,,"CHINA: GANSU PROVINCE: JONE, LINTAN, MINXIAN",34.712,103.834,10,5.1,1,1,30,1,,1,10,1,,
2003-11-14,18,49,46.5,,,"CHINA: YUNNAN PROVINCE: LUDIAN, ZHAOTONG",27.372,103.971,33,5.6,4,1,65,1,,2,600,3,600,3
2003-11-17,6,43,6.8,1,,ALASKA: ALEUTIAN ISLANDS: RAT ISLANDS,51.146,178.65,33,7.8,,,,,,,,,,
2003-11-18,17,14,22.6,,,PHILIPPINES: SAMAR: CAN-AVID,12.025,125.416,35,6.5,1,1,21,1,,2,1,1,,3
2003-11-26,13,38,57.8,,,CHINA: YUNNAN PROVINCE: LUDIAN,27.283,103.753,33,4.7,,,4,1,,4,2000,4,2000,4
2003-12-01,1,38,31.9,,,CHINA: XINJIANG: ZHAOSU,42.905,80.515,10,6,11,1,47,1,,3,769,3,,
2003-12-05,23,41,27.4,,,"INDONESIA: FLORES, RUTENG",-8.137,120.524,33,4.9,,,,,,1,,,,1
2003-12-10,4,38,11.5,,,"TAIWAN: T'AI-TUNG, KAO-HSIUN",23.039,121.362,10,6.8,,,1,1,,1,,,,
2003-12-11,16,28,17.3,,,IRAN: WESTERN: MASJED-E- SOLEYMAN,31.953,49.209,33,5,,0,5,1,,1,2,1,2,1
2003-12-17,23,15,17.2,,,BULGARIA: POVADIYA,43.083,27.486,34,4.4,,,,,,2,10,1,10,1
2003-12-22,19,15,56,,,"CALIFORNIA: PASO ROBLES,TEMPLETON,ATASCADERO",35.706,-121.102,8,6.6,2,1,40,1,300,4,40,1,,
2003-12-25,7,11,11.5,,,PANAMA-COSTA RICA: PUERTO ARMUELLES,8.416,-82.824,33,6.5,2,1,75,2,,2,,,,3
2003-12-26,1,56,52.4,,,"IRAN: SOUTHEASTERN: BAM, BARAVAT",28.995,58.311,10,6.6,31000,4,30000,4,32.7,4,,4,,4
2003-12-27,4,55,25.4,1,,NEW CALEDONIA: LOYALTY ISLANDS,-22.107,169.35,10,6.1,,,,,,,,,,
2004-01-01,20,59,31.9,,,"INDONESIA: BALI, LOMBOK",-8.31,115.788,45,5.8,1,1,29,1,12,3,6000,4,,
2004-01-01,23,31,50,,,"MEXICO: GUERRERO, MEXICO CITY",17.488,-101.303,29,6.1,,,,,,1,,,,
2004-01-10,7,43,18,,,SLOVAKIA: SLOVENSKO L'UPCA,48.758,19.217,5,2.2,,,,,,1,,,,
2004-01-10,18,38,14.8,,,"ALGERIA: NORTHERN: ALGIERS, BOUMERDES",36.852,3.418,10,4.4,,,300,3,,1,,,,
2004-01-14,16,58,48.1,,,IRAN: SOUTHERN: FIRUZABAD,27.695,52.397,12,5.2,,,,,,1,,,,
2004-01-28,22,15,30.7,1,,INDONESIA: SERAM,-3.12,127.4,17,6.7,,,,,,,,,,
2004-02-04,11,59,47.6,,,PANAMA-COSTA RICA: CHIRIQUI,8.358,-82.877,29,6.1,,,4,1,,1,,,,
2004-02-05,21,5,2.8,,,INDONESIA: NABIRE,-3.615,135.538,17,7,37,1,682,3,1,2,2678,4,,
2004-02-07,2,42,35.2,,,INDONESIA: NABIRE,-4.003,135.023,10,7.3,,,,,,1,,,,
2004-02-11,8,15,3.8,1,,"JORDAN: MA'IN; ISRAEL: JERUSALEM, PETAH-TIQWA",31.675,35.551,27,5.3,,,4,1,,2,,,,2
2004-02-14,10,30,22.1,,,"PAKISTAN: BALAKOT, BATGRAM, MANSEHRA",34.774,73.216,11,5.4,24,1,40,1,,3,1420,4,1420,4
2004-02-16,14,44,39.9,,,INDONESIA: SUMATRA: PADANGPANJANG,-0.466,100.655,56,5.1,5,1,7,1,,1,,,,
2004-02-22,6,46,27,,,INDONESIA: SUMATRA: PESISIR SELATAN,-1.559,100.488,42,6,,,1,1,,1,,,,
2004-02-24,2,14,34,,,BURUNDI: RUYAGA,-3.393,29.558,10,4.7,3,1,,,,1,24,1,,
2004-02-24,2,27,46.2,,,"MOROCCO: AL HOCEIMA, IMZOURENE, BENI ABDALLAH",35.142,-3.997,0,6.4,628,3,926,3,400,4,2539,4,,
2004-03-01,0,35,58,,,GREECE: SOUTHERN: KALAMATA,37.136,22.116,9,5.2,,,,,,1,,,,1
2004-03-24,1,53,49.4,,,"CHINA: NEI MONGOL: BAYAN UL HOT, ULIASTAI",45.382,118.256,19,5.4,,,100,2,74,4,38000,4,,
2004-03-25,19,30,49,,,TURKEY: ERZURUM,39.93,40.812,,5.6,10,1,46,1,,1,45,1,45,1
2004-03-28,3,51,10,,,TURKEY: ASKALE,39.847,40.874,5,5.6,,,12,1,,1,50,1,50,1
2004-04-05,21,24,4,,,"AFGHANISTAN: HINDU KUSH: KABUL, SAMANGAN; PAKISTAN",36.512,71.029,187,6.5,3,1,5,1,,,,,,
2004-04-09,1,55,50.7,,,INDONESIA: SUMATRA: PADANG,-1.549,100.54,66,5.4,,,,,,1,,,,
2004-04-16,18,32,24,,,INDONESIA: BALI,-8.669,114.65,96,5.5,,,,,,1,,,,1
2004-04-23,1,50,30.2,,,INDONESIA: TIMOR: KUPANG,-9.362,122.839,66,6.7,,,,,,1,,,,
2004-05-01,7,56,13.6,,,TAIWAN: HUALIEN: TAROKO GORGE NATIONAL PARK,24.081,121.611,45,5.2,2,1,1,1,,1,,,,
2004-05-03,4,36,50,,,CHILE: CANETE,-37.695,-73.406,21,6.6,,,,,,1,,,,
2004-05-04,5,4,58.3,,,CHINA: QINGHAI PROVINCE: DELINGHA,37.506,96.758,14,5.4,,,,,,3,,,,
2004-05-08,4,39,25,,,IRAN: KAZERUN,29.881,51.474,67,5,,,,,,1,4,1,4,1
2004-05-08,20,11,44.2,,,PAKISTAN: QUETTA,30.126,67.121,10,4.5,1,1,30,1,,1,,,,
2004-05-19,21,28,10.6,,,PHILIPPINES: BOHOL ISLAND: TUBIGON,9.926,124.038,35,4.1,,,,,,1,,,,
2004-05-28,12,38,44.4,,,"IRAN: MAZANDARAN, QAZVIN, TEHRAN",36.29,51.61,17,6.3,35,1,400,3,165,4,,,,
2004-05-30,2,52,12.2,,,"RUSSIA: SAKHALIN, YUZHNO, SAKHALINSK",47.311,142.12,14,4.9,,,,,,1,,,46,1
2004-06-09,11,41,16.5,,,SAUDI ARABIA: WESTERN,27.836,36.905,10,4.6,,,,,,1,,,,
2004-06-15,11,16,31.5,,,"CHILE: CARAHUE, IMPERIAL, TEMUCO",-38.854,-73.155,38,5.9,,,,,,1,,,,
2004-07-01,22,30,9.3,,,TURKEY: DOGUBEYAZIT,39.766,43.979,5,5.1,18,1,21,1,,,,,,
2004-07-12,13,4,7.1,,,"SLOVENIA: BOVEC, KOBARID",46.296,13.641,8,5.2,1,1,5,1,,1,,1,,1
2004-07-14,14,36,2.5,,,AFGHANISTAN: HERAT,34.89,61.852,,4.6,,,,,,2,,,,
2004-07-18,4,22,22.6,,,"NEW ZEALAND: NORTH ISLAND: ROTORUA, TAURANGA",-38,176.51,5,5.4,1,1,2,1,,2,,,5,1
2004-07-18,8,31,45.8,,,AFGHANISTAN: PAKTIA PROVINCE,33.426,69.524,10,5.2,2,1,40,1,,3,,3,,3
2004-07-30,7,14,7.8,,,TURKEY: DOGUBEYAZIT,39.634,43.966,5,4,1,1,5,1,,1,,,,
2004-08-04,3,1,7.5,,,TURKEY: BODRUM,36.833,27.815,10,5.6,,,15,1,,,,,,
2004-08-10,10,26,14.7,,,CHINA: YUNNAN PROVINCE: LUDIAN,27.266,103.873,6,5.4,4,1,600,3,50,4,18556,4,65601,4
2004-08-11,15,48,26.8,,,"TURKEY: ELAZIG, SIVRICE",38.377,39.261,7,5.7,1,1,11,1,,1,,,,
2004-09-05,10,7,7.8,1,,JAPAN: HONSHU: W COAST: KYOTO,33.07,136.618,14,7.2,,,4,1,,1,,,,
2004-09-05,14,57,18.6,1,,"JAPAN: HONSHU: W COAST: KYOTO, WAKAYAMA, SAKAI",33.184,137.071,10,7.4,,,40,1,,1,,,,
2004-09-07,11,53,6.1,,,ARGENTINA: CATAMARCA,-28.573,-65.84,22,6.1,1,1,,2,,1,,2,,2
2004-09-07,12,15,49.7,,,CHINA: GANSU PROVINCE,34.682,103.781,10,5.2,,,19,1,,3,600,3,,
2004-09-21,13,32,30.8,,,"POLAND: SUWALKI; RUSSIA: KALININGRAD, SVETLOGORSK",54.841,19.912,10,4.8,,,3,1,,1,,,,
2004-09-28,17,15,24.2,,,"CALIFORNIA: CENTRAL: PARKFIELD, SAN MIGUEL",35.819,-120.364,9,6,,,,,,1,,,,
2004-10-01,8,1,1.3,,,"NICARAGUA: CHINANDEGA, LEON",11.989,-86.52,87,5.6,,,,,,1,,,,
2004-10-07,21,46,20.3,,,IRAN: GOLESTAN,37.125,54.477,35,5.6,,,60,2,,,,,,
2004-10-15,4,8,50.2,,,TAIWAN: T'AO-YUAN,24.53,122.694,94,6.6,,,,2,,1,,,,
2004-10-18,22,11,44.9,,,CHINA: YUNNAN PROVINCE: BAOSHAN,25.073,99.169,30,4.4,,,12,1,,3,20000,4,20000,4
2004-10-23,8,56,0.8,,,JAPAN: HONSHU: NIIGATA PREFECTURE,37.226,138.779,16,6.6,40,1,3183,4,28000,4,6000,4,,
2004-10-27,1,40,50.2,,,JAPAN: HONSHU: NIIGATA PREFECTURE,37.284,138.885,14,5.9,,,5,1,,1,1,1,,
2004-10-27,20,34,36.8,,,"ROMANIA: BUCHAREST, BRAILA; BULGARIA: NORTHERN",45.787,26.622,96,5.8,,,,,,1,,,,
2004-11-02,10,2,12.8,1,,CANADA: VANCOUVER ISLAND,49.277,-128.772,10,6.6,,,,,,,,,,
2004-11-04,6,22,39.4,,,GREECE: CRETE: ANTIKYTHIRA,35.945,23.115,74,5.2,,,,,,1,,,,
2004-11-08,2,15,58.8,,,JAPAN: HONSHU: NIIGATA PREFECTURE,37.396,138.862,10,5.5,,,8,1,,1,,,,
2004-11-11,21,26,41.1,1,,INDONESIA: KEPULAUAN ALOR,-8.152,124.868,10,7.5,34,1,400,3,,3,781,3,16712,4
2004-11-15,9,6,56.5,,,"COLOMBIA: BAJO BAUDO, BUENAVENTURA, CERRITO",4.695,-77.508,15,7.2,,,10,1,,3,154,3,,
2004-11-19,23,49,37.1,,,IRAN: W,32.023,48.836,37,4.8,,,,,,1,,,,
2004-11-20,8,7,22,,,"COSTA RICA: SAN JOSE, PARRITA, QUEPOS",9.602,-84.172,16,6.4,8,1,,2,,3,526,3,,
2004-11-21,11,41,7.7,1,,"GUADELOUPE: BASSE-TERRE, LES SAINTES",15.679,-61.706,14,6.3,1,1,12,1,,2,,3,,
2004-11-22,4,1,30.4,,,"IRAN: KHORRAMABAD, POL-E DOKHTAR",33.297,47.977,36,5,,,,2,,1,,1,,1
2004-11-22,20,26,23.9,1,,"NEW ZEALAND: INVERCARGILL, SOUTHLAND, OTAGO",-46.676,164.721,10,7.1,,,,,,1,,,,
2004-11-24,22,59,40,,,ITALY: NORTHERN: BRESCIA,45.626,10.559,17,5.1,,,9,1,,2,,3,,
2004-11-26,2,25,3.3,,,INDONESIA: NABIRE,-3.609,135.404,10,7.1,32,1,130,3,55,4,328,3,,
2004-11-28,18,32,14.1,1,,"JAPAN: HOKKAIDO: BEKKAI, KUSHIRO, NEMOURO",43.006,145.119,39,7,,,24,1,,1,,,,1
2004-12-01,17,42,24.7,,,ALGERIA: BOUMERDAS,36.848,3.448,10,4.5,,,15,1,,1,,,,
2004-12-02,19,16,34.6,,,TRINIDAD: MAYARO,10.49,-61.48,49,5.8,,,,,,1,,,,
2004-12-05,1,52,37.2,,,"GERMANY: EMMENDINGEN, FREIBURG IM BREISGAU",48.115,8.077,10,4.8,,,,,,1,,,,
2004-12-05,8,30,59.5,,,ALGERIA: ZEMMOURI,36.865,3.421,10,4.5,,,46,1,,,,,,
2004-12-06,14,15,11.8,,,JAPAN: HOKKAIDO: KUSHIRO,42.9,145.228,35,6.8,,,4,1,,,,,,
2004-12-09,8,49,0.2,,,"INDIA: HAILAKANDI, CACHAR",24.757,92.539,35,5.4,,,,2,,1,,,,
2004-12-14,5,56,10,,,"JAPAN: HOKKAIDO: OBIRO, HABORO, TOMAMAE",44.119,141.793,10,5.8,,,3,1,,1,,,,
2004-12-20,23,2,12.4,,,TURKEY: MARMARIS,37.042,28.206,5,5.4,,,3,1,,1,,,,
2004-12-23,14,59,4.4,1,,AUSTRALIA: MACQUARIE ISLAND,-49.312,161.345,10,8.1,,,,,,,,,,
2004-12-26,0,58,53.4,1,,INDONESIA: SUMATRA: ACEH: OFF WEST COAST,3.316,95.854,30,9.1,1001,4,,3,10000,4,,3,,3
2005-01-10,18,47,30.1,,,IRAN: GORGAN,37.103,54.574,32,5.4,,,110,3,,,,,,
2005-01-19,6,11,36.4,1,,JAPAN: EAST COAST HONSHU,34.064,141.491,28,6.6,,,,,,,,,,
2005-01-20,18,56,30.7,,,NEW ZEALAND: NORTH ISLAND,-41.223,175.21,39,5.3,,,,,,1,,,,
2005-01-23,20,10,12.1,,,INDONESIA: SULAWESI: PALU,-1.198,119.933,11,6.3,1,1,4,1,,2,,,,
2005-01-24,23,23,26.1,,,"ECUADOR: NEAR WEST COAST: PUERTO LOPEZ, SALANGO",-1.364,-80.785,17,6.1,,,,,,2,,2,,
2005-01-25,16,30,38.9,,,CHINA: YUNNAN PROVINCE: SIMAO,22.526,100.709,12,4.8,,,3,1,,1,,,,
2005-01-25,16,44,16.1,,,TURKEY: HAKKARI,37.622,43.703,41,5.9,2,1,22,1,,1,,,,
2005-01-29,7,41,31,,,"SPAIN: LA PACA, ZARCILLA DE RAMOS",37.91,-1.82,5,4.4,,,,,,2,,,,
2005-02-02,5,55,18.2,,,INDONESIA: JAVA: GARUT,-7.037,107.819,15,4.8,1,1,,2,,2,,2,,2
2005-02-14,18,5,59.3,1,,GUADELOUPE,15.775,-61.744,12,5.8,,,,,,,,,,
2005-02-14,23,38,8.6,,,CHINA: XINJIANG PROVINCE: WUSHI,41.728,79.44,22,6.1,,,,,,3,6000,4,,
2005-02-15,11,15,11.7,,,INDIA: KHASPUR,24.55,92.524,35,5.1,,,,,,1,,,,
2005-02-22,2,25,22.9,,,IRAN: KERMAN PROVINCE: ZARAND,30.754,56.816,14,6.4,612,3,1411,4,,4,8000,4,8000,4
2005-03-02,11,12,14.9,,,PAKISTAN: QUETTA,30.378,68.038,52,4.9,,,1,1,,1,,,,
2005-03-09,10,15,31.8,,,"SOUTH AFRICA: KLERKSDORP, STILFONTEIN",-26.913,26.789,5,4.3,2,1,58,2,,2,,,,
2005-03-12,7,36,12.1,,,"TURKEY: CAT, KARLIOVA",39.44,40.978,11,5.6,,,16,1,,2,,,,
2005-03-13,3,31,23,,,IRAN: SARAVAN,27.095,61.887,54,6,,,,,,1,,,,
2005-03-14,1,55,55.6,,,TURKEY: EASTERN: BINGOL PROVINCE,39.354,40.89,5,5.8,,,18,1,,3,,2,,2
2005-03-14,9,43,49.1,,,"INDIA: MAHARASHTRA: KOLHAPUR, RATNAGIRI, SATARA",17.145,73.73,10,4.9,,,45,1,,2,,,,
2005-03-15,2,7,6.8,,,INDIA: MAHARASHTRA: DHEBEWADI,17.072,73.668,10,4.3,,,,,,1,,,,
2005-03-20,1,53,41.8,,,"JAPAN: KYUSHU: FUKUOKA, GENKAI",33.807,130.131,10,6.6,1,1,500,3,,2,65,2,,
2005-03-28,16,9,36.5,1,,INDONESIA: SUMATERA: SW,2.085,97.108,30,8.6,1303,4,340,3,,4,300,3,300,3
2005-04-10,10,29,11.2,1,,INDONESIA: PADANG,-1.644,99.607,19,6.7,,,,,,,,,,
2005-06-13,22,44,33.9,,,CHILE: TARAPACA,-19.987,-69.197,116,7.7,11,1,200,3,,,544,3,,
2005-06-15,2,50,53.1,1,,CALIFORNIA: OFF COAST NORTHERN,41.301,-125.97,10,7.2,,,,,,,,,,
2005-07-05,1,52,2.9,,,INDONESIA: SUMATRA: NIAS ISLAND: GUNUNGSITOLI,1.819,97.082,21,6.7,,,,,,1,,,,
2005-07-09,23,59,17,,,INDONESIA: SULAWESI: DONGGALA,-1.174,119.963,32,5.9,,,,,,1,6,1,6,1
2005-07-10,13,10,12.1,,,ALBANIA: TROPOJE,42.389,19.812,4,5.2,,,,,,1,,1,,
2005-07-18,2,4,59.8,,,INDONESIA: TIMOR: TIMOR TENGAH UTARA,-9.948,124.48,10,5.3,,,,,,1,,1,,1
2005-07-23,7,34,56.7,,,JAPAN: HONSHU: TOKYO,35.498,139.982,61,5.9,,,27,1,,1,1,1,,
2005-07-24,15,42,6.2,,,"INDIA: ANDAMAN ISLANDS, NICOBAR ISLANDS",7.92,92.19,16,7.2,,,,,,1,,1,,1
2005-07-25,15,43,41.1,,,CHINA: DAQING,46.827,125.058,48,4.7,1,1,12,1,,,,,,
2005-07-26,4,8,37.1,,,"MONTANA: DILLON, SILVER STAR, TWIN BRIDGES",45.365,-112.615,13,5.6,,,,,,1,,,,
2005-07-30,21,45,,,,"TURKEY: BAHCEKARADALAK, SIRAPINAR, YENIYAPANSEYHLI",39.437,33.089,5,5.3,,,,,,1,,,,
2005-08-05,14,14,48,,,CHINA: YUNNAN PROVINCE: HUIZE,26.569,103.036,42,4.8,,,9,1,,2,3700,4,3700,4
2005-08-05,18,7,13.8,,,VIETNAM: HO CHI MINH CITY,9.985,108.383,10,4.5,,,,,,1,,,,
2005-08-09,5,9,20.8,,,IRAN: FIRUZABAD,28.85,52.56,10,5.1,,,,,,1,,,,
2005-08-13,4,58,44.8,,,CHINA: YUNNAN PROVINCE: WENSHAN,23.627,104.103,10,4.5,,,26,1,,1,,2,,2
2005-08-14,2,39,40.3,,,CHILE: TARAPACA,-19.78,-68.98,11,5.8,,,,,,1,,,,
2005-08-14,6,33,32.5,,,INDIA: MAHARASHTRA,17.398,74.118,35,4.4,,,,,,2,,,,
2005-08-16,2,46,28.4,1,,JAPAN: EAST COAST HONSHU,38.276,142.039,36,7.2,,,56,2,,1,1,1,,
2005-08-16,3,45,54.1,,,INDIA: UTTARANCHAL: UTTARKAHI,30.924,78.56,43,4.4,,,,,,1,,1,,1
2005-08-30,8,53,17.4,,,"INDIA: MAHARASHTRA: AMBEGHAR, DICHOLI, KISRULE",17.067,73.773,10,4.7,,,,,,1,,,,
2005-09-09,7,26,43.7,,,PAPUA NEW GUINEA: NEW IRELAND,-4.539,153.474,90,7.7,,,,,,,,,,
2005-09-24,19,24,2.6,,,ETHIOPIA: DABBAHU,12.471,40.634,12,5.6,,,,,,,,,,
2005-09-26,1,55,37.6,,,"PERU: LAMAS, CHACHAPOYAS, MOYOBAMBA, TARAPOTA",-5.678,-76.398,115,7.5,5,1,60,2,,2,,3,,
2005-10-01,22,19,51.3,,,PERU: MOQUEGUA,-16.635,-70.794,20,5.3,,,10,1,,1,300,3,,
2005-10-08,3,50,40.8,,,"PAKISTAN: MUZAFFARABAD, URI, ANANTNAG, BARAMULA",34.539,73.588,26,7.6,76213,4,146599,4,6680,4,,3,,3
2005-10-20,21,40,4,,,TURKEY: IZMIR,38.152,26.751,10,5.9,1,1,15,1,,1,,2,,2
2005-10-24,17,35,33.8,,,ECUADOR: BAEZA,-0.507,-77.745,35,4.8,,,,,,1,,,,
2005-10-27,11,18,57.3,,,CHINA: GUANGXI PROVINCE,23.604,107.798,10,4.2,1,1,1,1,,1,,1,,
2005-10-31,2,10,28.7,,,PERU: N,-5.852,-78.704,40,5.4,,,,,,,20,1,,
2005-11-14,21,38,51.4,1,,JAPAN: EAST COAST HONSHU,38.107,144.896,11,7,,,,,,,,,,
2005-11-26,0,49,37.6,,,"CHINA: JIANGXI: JIUJIANG, RUICHANG",29.695,115.689,10,5.2,16,1,8000,4,,3,150000,4,,
2005-11-26,15,56,55,,,TURKEY: DOGANYOL,38.26,38.814,9,4.4,,,,,,1,,,,
2005-11-27,10,22,19.1,,,"IRAN: QESHM, ZIRANG",26.774,55.858,10,6,13,1,100,2,,2,,,,
2005-12-05,12,19,56.6,,,CONGO: KALEMIE,-6.224,29.83,22,6.8,6,1,,,,1,300,3,,
2005-12-12,21,47,46,,,"AFGHANISTAN: TILI, JALALABAD, BADAKHSHAN",36.357,71.093,225,6.5,5,1,1,1,,1,100,2,100,2
2005-12-14,7,9,54.1,,,"INDIA: JAUSARI, CHAMOLI, NANDPRAYAG",30.476,79.255,44,5.3,1,1,4,1,,2,1,1,1,1
2005-12-24,3,56,7.3,,,TURKEY: AKHISAR,38.804,26.783,14,4.3,,,,,,1,,,,
2006-01-08,11,34,55.6,,,GREECE: SOUTHERN,36.311,23.212,66,6.7,,,3,1,,1,,1,,
2006-01-27,16,58,53.6,,,INDONESIA: BANDA SEA,-5.473,128.131,397,7.6,,,,,,,,,,
2006-02-14,0,55,25,,,INDIA: SIKKIM,27.382,88.388,30,5.3,2,1,2,1,,1,,,,
2006-02-20,17,20,9,,,GREECE-BULGARIA BORDER REGION,41.708,25.544,10,4.6,,,2,1,,,,1,,1
2006-02-22,22,19,7.8,,,MOZAMBIQUE,-21.324,33.583,11,7,4,1,36,1,,2,294,3,,
2006-02-23,20,4,53.5,,,BHUTAN: TASHIGANG,26.912,91.705,10,5.8,,,,,,1,126,3,126,3
2006-02-28,7,31,2.6,,,IRAN: SOUTHERN,28.12,56.865,18,6,,,6,1,,2,,3,,3
2006-03-07,18,20,46.1,,,INDIA: GUJARAT,23.777,70.899,10,5.5,,,7,1,,1,,1,,1
2006-03-10,7,50,14.3,,,PAKISTAN: MIRPUR DISTRICT,33.129,73.887,10,4.9,1,1,22,1,,,,,,
2006-03-14,6,57,33.8,1,,INDONESIA: SERAM,-3.595,127.214,30,6.7,,,,,,2,241,3,,
2006-03-20,19,44,25.1,,,ALGERIA: NORTHERN,36.623,5.328,10,4.9,4,1,9,1,,,62,2,62,2
2006-03-25,7,28,57.6,,,IRAN: SOUTHERN,27.574,55.685,18,5.9,1,1,1,1,,1,,,,
2006-03-28,8,35,43.3,,,INDONESIA: N. SUMATRA: TAPAKTUAN,3.462,97.224,30,5,,,,,,1,,,,
2006-03-31,1,17,0.9,,,"IRAN: WESTERN: BORUJERD, DORUD",33.5,48.78,7,6.1,70,2,1300,4,,3,,3,,3
2006-03-31,12,23,17.8,,,"CHINA: JILIN PROVINCE: JILIN, SONGYUAN",44.624,124.122,10,4.9,,,,,,1,,2,,
2006-04-01,10,2,19.5,,,TAIWAN: T'AIT-TUNG,22.868,121.278,9,6.2,,,42,1,,1,,2,,
2006-04-04,9,12,23.4,,,PAKISTAN: BATGRAM,34.6,73.136,10,4.8,,,28,1,,1,,2,,2
2006-04-06,17,59,16.4,,,INDIA: GUJARAT,23.322,70.477,10,5.5,,,,,,1,,,,
2006-04-11,0,2,41.5,,,GREECE: ZAKYNTHOS,37.64,20.92,18,5.5,,,,,,1,,,,
2006-04-19,2,5,42.9,,,CHINA: TIBET (XIZANG PROVINCE),31.607,90.413,33,5.7,,,,,,1,,2,,
2006-04-20,23,25,2.1,,,RUSSIA: KORYAKSKIY,60.949,167.089,22,7.6,,,40,1,55,4,,3,,
2006-05-03,15,26,40.2,1,,TONGA ISLANDS,-20.187,-174.123,55,7.9,,,1,1,,1,,,,
2006-05-04,17,43,9.7,,,PANAMA: BOQUETE,8.898,-82.543,,4.5,,,,,,1,,,,
2006-05-07,6,20,53.7,,,IRAN: ZARAND,30.79,56.7,14,4.1,,,70,2,,1,,1,,1
2006-05-12,8,16,56.5,,,INDONESIA: SUMATRA: KALIANDAK,-5.575,105.395,17,5.5,,,,,,1,,2,,2
2006-05-26,22,53,58.9,,,"INDONESIA: JAVA: BANTUL, YOGYAKARTA",-7.961,110.446,13,6.3,5749,4,38568,4,3100,4,127000,4,127000,4
2006-06-03,7,15,35.6,,,IRAN: SOUTHERN: QESHM,26.759,55.843,5,5.1,2,1,4,1,,1,,2,,2
2006-06-03,11,7,45,,,TURKEY: HAKKARI,37.605,43.787,10,4.1,,,,,,1,,,,
2006-06-03,16,34,25.8,,,MALAWI: SALIMA,-14.52,34.28,10,3.8,,,,,,1,,,,
2006-06-11,20,1,26.3,,,JAPAN: KYUSHU,33.129,131.141,140,6.3,,,8,1,,,,,,
2006-06-13,14,15,38.3,,,ALBANIA: TEPELENE,40.27,19.96,10,4.5,,,1,1,,1,12,1,,
2006-06-20,16,52,57.9,,,CHINA: GANSU PROVINCE,33.068,104.95,24,4.5,,,5,1,,1,,1,,
2006-07-17,8,19,25,1,,INDONESIA: JAVA,-9.254,107.411,34,7.7,,,,,,,,,,
2006-07-22,1,10,29,,,CHINA: YANJIN,27.995,104.138,56,4.9,22,1,106,3,,,,,,
2006-07-29,0,11,51.3,,,TAJIKISTAN: PANJ-QUMSANGIR,37.255,68.828,34,5.6,3,1,19,1,,,721,3,721,3
2006-08-05,14,3,43.7,,,ARGENTINA: MENDOZA,-33.131,-68.707,22,5.6,,,,,,1,,,,
2006-08-18,11,45,49.4,,,TAJIKISTAN: DUSHANBE (STALINABAD),38.246,69.22,10,4.7,,,,,,1,,,,
2006-08-24,20,1,0.2,,,FRANCE,45.84,-0.14,5,4.3,,,,,,1,,,,
2006-08-25,5,51,44.3,,,CHINA: SICHUAN PROVINCE,28.012,104.151,22,4.6,1,1,31,1,,2,,,,
2006-09-10,14,56,8.1,,,GULF OF MEXICO,26.319,-86.606,14,5.8,,,,,,,,,,
2006-09-28,6,22,9.7,1,,SAMOA ISLANDS,-16.592,-172.033,28,6.9,,,,,,,,,,
2006-09-29,13,8,26.1,,,TRINIDAD: PORT-OF-SPAIN,10.876,-61.756,53,6.1,,,3,1,,1,1,1,,
2006-09-29,18,23,5.9,,,TRINIDAD: GASPARILLO,10.814,-61.758,52,5.5,1,1,,,,,,,,
2006-10-15,17,7,49.2,1,,HAWAIIAN ISLANDS,19.878,-155.935,39,6.7,,,,3,73,4,,,,
2006-10-20,10,48,56,,,PERU: CENTRAL,-13.457,-76.677,23,6.7,,,,,,1,,,,
2006-10-27,10,52,5.7,,,CHINA: HUBEI,31.56,113.21,10,4.5,,,,,,2,,,,
2006-11-03,6,21,39.2,,,CHINA: NEI MONGOL,43.469,119.558,10,4.7,,,,,,3,55886,4,,
2006-11-15,11,14,13.5,1,,RUSSIA: KURIL ISLANDS,46.592,153.266,10,8.3,,,,,,,,,,
2006-11-17,18,19,51.6,,,FRANCE: PYRENEES,42.99,-0.05,10,4.7,,,,,,1,,,,
2006-11-23,7,15,20.5,,,HUNGARY: BEREGDAROC,48.195,22.46,10,4.8,,,,,,1,,,,
2006-11-23,11,4,44.3,,,CHINA: XINJIANG PROVINCE: NORTH,44.229,83.524,20,4.7,,,,,,2,60,2,,
2006-11-24,6,33,26.4,,,INDONESIA: SULAWESI: PINRANG,-3.728,119.233,31,5.2,,,,,,1,,,,
2006-11-29,1,32,17.9,,,INDONESIA: HALMAHERA: MOROTAI,2.52,128.283,39,6.2,,,,,,2,50,1,,
2006-12-01,14,1,47.5,,,INDONESIA: SUMABAWA: BIMA,-8.251,118.777,43,6.3,1,1,14,1,,1,20,1,,
2006-12-08,16,48,39.1,,,SWITZERLAND: BASEL,47.58,7.6,5,3.9,,,,,,1,,,,
2006-12-12,17,2,29.7,,,THAILAND: MAE RIM,18.901,98.916,10,4.6,,,,,,1,5,1,,
2006-12-17,21,39,17.4,,,"INDONESIA: SUMATERA: NORTHERN, MUARASIPONGI",0.626,99.859,30,5.8,7,1,100,2,,3,680,3,,
2006-12-24,22,43,26.7,,,INDIA: RAJASTHAN,26.88,76.15,10,4.2,,,,,,,,,,
2006-12-25,20,1,0.4,,,KYRGYZSTAN: KOCHKOR,42.156,76.163,12,5.8,,,,,,3,2410,4,,
2006-12-26,12,26,21.1,1,,TAIWAN: PINGTUNG,21.799,120.547,10,7,2,1,40,1,,1,,2,,
2006-12-31,13,39,23.6,,,HUNGARY: BUDAPEST,47.449,19.343,5,4.1,,,,,,1,,1,,
2007-01-08,17,21,50.2,,,KYRGYZSTAN: ISFARIA,39.803,70.311,18,6,,,,,,2,187,3,,
2007-01-09,14,49,48.8,,,CHINA: GANSU PROVINCE,37.021,103.911,20,4.5,,,,,,3,2000,4,,
2007-01-10,17,18,58.3,,,CHINA: GANSU PROVINCE,33.259,104.74,23,4.7,,,,,,1,,2,,
2007-01-13,4,23,21.1,1,,RUSSIA: KURIL ISLANDS,46.243,154.524,10,8.1,,,,,,,,,,
2007-01-21,7,38,57,,,TURKEY: E,39.592,42.863,3,5.1,,,2,1,,1,,,,
2007-01-21,11,27,45,,,INDONESIA: MOLUCCA ISLANDS: N,1.065,126.282,22,7.5,4,1,4,1,,1,,,,
2007-02-16,7,15,54,,,PHILIPPINES: MINDANAO,6.614,126.24,79,4.9,,,,,,1,,,,
2007-02-21,11,5,29.2,,,"TURKEY: DOGANKOY, PUTURGE, SIVRICE",38.318,39.267,10,5.7,,,,,,1,,1,,1
2007-03-06,3,49,38.9,,,INDONESIA: SUMATRA: SOUTHERN,-0.493,100.498,19,6.4,67,2,826,3,,3,43719,4,43719,4
2007-03-06,13,5,12.1,,,"COLOMBIA: CAUCA, SOTARA, PURACE,",2.082,-76.495,43,5,,,9,1,,1,9,1,,
2007-03-06,22,32,6.8,,,IRAN: WESTERN: DORUD,33.49,48.93,16,4.7,,,35,1,,1,,,,
2007-03-25,0,40,1.6,1,,VANUATU ISLANDS,-20.617,169.357,34,7.1,,,,,,,,,,
2007-03-25,0,41,57.8,1,,JAPAN: HONSHU: W COAST,37.336,136.588,8,6.7,1,1,150,3,,3,58,2,455,3
2007-03-25,13,57,58.2,,,"GREECE: ARGOSTOLION, KEFALLINIA",38.34,20.42,15,5.8,,,,,,1,,1,,
2007-04-01,20,39,56.3,1,,SOLOMON ISLANDS,-8.466,157.043,24,8.1,2,1,,,,3,300,3,500,3
2007-04-13,5,42,23,,,"MEXICO: GUERRERO, ATOYAC",17.302,-100.198,34,6,,,,,,1,2,1,,
2007-04-15,3,19,30.3,,,JAPAN: HONSHU: W,34.807,136.239,16,4.6,,,12,1,,2,63,1,,
2007-04-16,7,38,53.8,,,ALBANIA: TIRANA,41.172,19.897,14,4.5,,,,,,1,,1,,
2007-04-21,17,53,46.3,1,,CHILE: SOUTHERN,-45.243,-72.648,37,6.2,2,1,,,,1,,,2,1
2007-04-28,7,18,11.3,,,UNITED KINGDOM: ENGLAND: FOLKESTONE,51.085,1.009,10,4.6,,,1,1,,1,,,,
2007-05-08,15,46,49.1,,,MONTANA: SHERIDAN,45.394,-112.13,14,4.5,,,,,,1,,,,
2007-05-16,8,56,16.4,,,"LAOS: BOKEO; THAILAND: CHIANG RAI, CHIAN SAEN",20.504,100.746,24,6.3,,,,,,1,,,,
2007-05-29,9,36,5.6,,,INDONESIA: LABUHA,-1.065,127.343,24,6.1,,,,,,1,,2,,
2007-06-02,21,34,57.7,,,CHINA: YUNNAN PROVINCE: NING'ER,23.028,101.052,5,6.1,3,1,329,3,310,4,,,,
2007-06-13,19,29,40.1,,,GUATEMALA: GUATEMALA CITY,13.554,-90.618,23,6.7,,,,,,1,,2,,2
2007-06-18,14,29,48.2,,,IRAN: QOM,34.437,50.833,5,5.5,,,,,,1,,2,,2
2007-07-13,7,20,25.5,,,ECUADOR: ZARUMA,-3.987,-79.836,50,4.5,,,,,,1,,,,
2007-07-16,1,13,22,1,,JAPAN: HONSHU: W COAST,37.57,138.478,10,6.6,9,1,1088,4,12500,4,,,875,3
2007-07-20,10,6,52,,,CHINA: XINJIANG: TEKES,42.913,82.378,10,5.6,,,,,,2,2120,4,,
2007-07-20,11,42,22.3,,,CALIFORNIA: MONTCLAIR,37.804,-122.193,5,4.2,,,,,,1,,,,
2007-07-21,22,44,13.5,,,"TAJIKISTAN: RASHT, ASHT",38.936,70.485,10,5.2,12,1,,,,,,,,
2007-07-22,23,2,14.7,,,"INDIA: UTTARKASHI, CHAMOLI, MUZAFFARNAGAR",30.881,78.239,19,4.3,,,3,1,,1,,1,,1
2007-07-26,5,40,16.1,,,INDONESIA: MALUKU: N,2.872,127.464,25,6.9,,,,2,,1,,1,,
2007-08-01,17,8,51.4,,,VANUATU ISLANDS: LUGANVILLE,-15.595,167.68,120,7.2,,,,,,1,,1,,1
2007-08-02,2,37,42.3,1,,RUSSIA: TATAR STRAIT,47.116,141.798,5,6.2,2,1,12,1,,1,11,1,20,1
2007-08-02,3,21,42.8,1,,ALASKA: ALEUTIAN ISLANDS,51.307,-179.971,21,6.7,,,,,,,,,,
2007-08-06,8,48,40,,,UTAH: HUNTINGTON,39.465,-111.237,2,4.2,9,1,,1,,,,,,
2007-08-08,17,4,58,,,INDONESIA: JAVA,-5.968,107.655,289,7.5,,,,,,,,,,
2007-08-15,23,40,57.8,1,,"PERU: ICA, PISCO, LIMA",-13.386,-76.603,39,8,514,3,1090,4,,4,39700,4,,
2007-08-17,0,38,56,,,UTAH,39.464,-111.207,0,1.6,3,1,6,1,,,,,,
2007-08-20,19,15,53.5,,,INDIA: MAHARASHTRA: SATARA,17.2,73.7,5,4.4,,,,,,1,,,,
2007-08-25,4,24,21.9,,,"IRAN: HADJI ABAD, ORZUIYEH",28.154,56.652,10,5,,,4,1,,,,,,
2007-09-02,1,5,18.1,1,,SOLOMON ISLANDS: SANTA CRUZ ISLANDS,-11.61,165.762,35,7.2,,,,,,,,,,
2007-09-09,18,36,37.6,,,INDONESIA: SITUBONDO,-7.783,114.338,35,4.8,,,13,1,,1,,,,
2007-09-10,1,49,14.2,,,"COLOMBIA: NARINO, EL CHARCO, ISCUANDE, LA TOLA",2.982,-77.967,31,6.8,,,5,1,,1,35,1,,
2007-09-12,11,10,26.8,1,,INDONESIA: SUMATRA,-4.438,101.367,34,8.4,25,1,161,3,,3,56425,4,56425,4
2007-09-12,23,49,3.7,,,INDONESIA: SUMATRA,-2.625,100.841,35,7.9,,,,,,,,,,
2007-09-28,13,38,57.8,,,JAPAN: VOLCANO ISLANDS,22.013,142.668,260,7.5,,,,,,,,,,
2007-09-30,5,23,34,1,,NEW ZEALAND: AUCKLAND ISLANDS,-49.418,163.954,10,7.4,,,,,,,,,,
2007-10-15,12,29,36,,,NEW ZEALAND: SOUTH ISLAND: FIORDLAND,-44.785,167.583,26,6.8,,,,,,1,,,,
2007-10-26,6,50,6.6,,,PAKISTAN: GHANCHE,35.304,76.753,10,4.8,1,1,12,1,,,,,,
2007-10-31,3,4,54.8,,,CALIFORNIA: SAN JOSE,37.434,-121.774,10,5.6,,,,,,1,,,,
2007-11-06,9,38,5.7,,,INDIA: GUJARAT,21.181,70.724,10,5.1,1,1,5,1,,1,,2,,2
2007-11-07,4,12,38.6,,,PHILIPPINES: BOHOL ISLAND: MABINI,9.721,124.647,72,5.1,1,1,,,,,,,,
2007-11-07,7,10,21.9,,,"BANGLADESH: CHITTAGONG, BANDARBAN, RANGAMATI",22.15,92.388,29,5.1,,,10,1,,1,,,,
2007-11-14,15,40,50.5,1,,"CHILE: TOCOPILLA, MARIA ELENA",-22.247,-69.89,40,7.7,2,1,65,2,,3,,4,,
2007-11-16,3,13,0.1,,,PERU-ECUADOR: GUAYAQUIL,-2.312,-77.838,123,6.8,,,,,,1,,,,
2007-11-20,5,20,3.4,,,"IRAN: WESTERN: QAL' EH-YE TOL, KHUZESTAN",31.68,49.93,7,4.8,,,30,1,,1,,1,,1
2007-11-25,16,2,17.9,,,INDONESIA: SUMBAWA ISLAND,-8.277,118.339,35,6.5,3,1,,3,,2,,3,,
2007-11-25,23,12,17,,,"INDIA: BADAUN, MEERUT, NOIDA, REWARI",28.555,77.057,10,4.7,,,,,,1,,1,,1
2007-11-29,19,0,20.4,1,,MARTINIQUE,14.944,-61.274,156,7.4,1,1,102,3,,1,,,,
2007-12-09,2,3,29.4,,,BRAZIL: MINAS GERAIS,-15.048,-44.231,10,4.6,1,1,6,1,,2,76,2,,
2007-12-09,7,28,20.8,1,,KERMADEC ISLANDS,-25.996,-177.514,153,7.8,,,,,,,,,,
2007-12-15,18,22,27.1,,,"CHILE: OFF CENTRAL COAST, VINA DEL MAR, VALPARAISO",-32.689,-71.695,25,5.9,,,4,1,,1,,1,,
2007-12-20,7,55,15.8,,,NEW ZEALAND: OFF COAST NORTH ISLAND,-39.011,178.291,20,6.6,1,1,,,,1,3,1,,
2007-12-20,9,48,29.9,,,"TURKEY: CENTRAL: YENIYAPAN, ABAZLAR, SUYUGUZEL",39.417,33.212,10,5.7,,,,,,1,,1,,1
2007-12-26,23,47,10.7,,,TURKEY: CENTRAL: ANKARA,39.446,33.162,8,5.6,,,,,,3,2214,4,2214,4
2008-01-01,6,32,27.9,,,KYRGYZSTAN: OSH,40.288,72.985,6,5.6,,,,,,3,5385,4,,
2008-01-05,1,56,45.4,,,"GUATEMALA: COLOMBA, FLORES, COSTA CUCA",14.129,-91.479,66,5.6,,,,,,1,,,,
2008-01-07,3,12,26.8,,,"INDONESIA: NEW GUINEA: MANOKWARI,",-0.795,134.012,12,5.9,,,6,1,,1,,,22,1
2008-01-09,22,24,3.8,,,ALGERIA: ORAN,35.616,-0.57,10,4.6,1,1,,,,2,,,,
2008-01-12,22,44,47.3,,,"INDIA-BANGLADESH: RANGAMATI, BANGLADESH",22.761,92.333,34,5,,,,,,1,,,,2
2008-01-22,17,14,57.9,,,INDONESIA: SUMATRA: NIAS ISLAND: GUNUNGSITOLI,1.011,97.442,20,6.1,1,1,5,1,,1,,,,
2008-02-03,7,34,12.1,,,CONGO: BUKAVU,-2.296,28.9,10,5.9,38,1,717,3,,3,99,2,815,3
2008-02-06,6,9,40.4,,,INDIA: WEST BENGAL,23.433,87.111,10,4.3,1,1,50,1,,2,,,,
2008-02-09,7,12,5.8,,,MEXICO: BAJA CALIFORNIA,32.456,-115.315,3,5.1,,,,,,1,,,,
2008-02-13,20,55,31.5,,,IRAN: NASIRABAD,31.73,51.2,14,4.9,,,10,1,,1,,,,
2008-02-14,2,7,46.7,,,RWANDA: GISENYI,-2.404,28.918,10,4.9,1,1,109,3,,1,,,5,1
2008-02-15,10,36,19,,,LEBANON-SYRIA: BAALBEC,33.327,35.305,10,5,,,10,1,,1,,,,1
2008-02-20,8,8,30.5,,,INDONESIA: SUMATERA: ACEH PROVINCE,2.768,95.964,26,7.4,3,1,25,1,,,,,,
2008-02-21,14,16,2.7,,,NEVADA: WELLS,41.153,-114.867,7,6,,,3,1,,2,,,720,3
2008-02-25,8,36,33,1,,INDONESIA: SUMATRA: PADANG,-2.486,99.972,25,6.5,,,,,,1,,,,2
2008-02-27,0,56,47.8,,,UNITED KINGDOM: ENGLAND: LINCOLNSHIRE,53.403,-0.332,18,4.8,,,1,1,,1,,,,
2008-02-29,4,46,,,,BRAZIL: SOBRAL,-3.7,-40.35,10,4.3,,,,,,1,,,,
2008-03-09,11,10,41,,,INDIA: GUJARAT,23.33,70.592,10,4.5,,,,,,1,,,,
2008-03-20,22,32,57.9,,,CHINA: XINJIANG PROVINCE,35.49,81.467,10,7.2,,,,,,3,2200,4,,
2008-03-29,12,51,24.7,,,PERU: OFF COAST,-12.178,-77.164,51,5.3,,,1,1,,1,5,1,,
2008-04-09,12,46,12.7,1,,NEW CALEDONIA: LOYALTY ISLANDS,-20.071,168.892,33,7.3,,,,,,,,,,
2008-04-15,3,3,4.6,,,GUATEMALA,13.564,-90.599,33,6.1,,,,,,1,,,,
2008-04-18,9,36,59.1,,,ILLINOIS: WEST SALEM,38.452,-87.886,14,5.3,,,,,,1,,,,1
2008-04-26,6,40,10.6,,,NEVADA: FALLON,39.52,-119.93,1,5,,,,,,1,,,,1
2008-04-28,18,33,34.2,1,,VANUATU ISLANDS,-19.941,168.953,32,6.4,,,,,,,,,,
2008-05-01,0,15,27.4,,,"IRAN: LORESTAN, BOROUJERD",33.86,48.59,16,4.5,,,100,1,,1,,,,
2008-05-07,16,45,20.2,,,JAPAN: HONSHU: E COAST,36.158,141.521,39,6.8,,,6,1,,1,,,,
2008-05-12,6,28,1.5,1,,CHINA: SICHUAN PROVINCE,31.002,103.322,19,7.9,87652,4,374171,4,86000,4,5360000,4,5360000,4
2008-05-21,19,23,57.3,,,BRAZIL: ALCANTARAS,-3.91,-40.44,10,,,,,,,1,,,,
2008-05-24,19,20,42.4,,,"COLOMBIA: META, QUETAME",4.33,-73.764,9,5.6,6,1,,,,1,,,,2
2008-05-25,8,21,48.7,,,CHINA: SICHUAN PROVINCE,32.57,105.424,10,6,8,1,927,3,,4,400000,4,400000,4
2008-05-26,15,1,33.6,,,PANAMA-COSTA RICA,8.423,-82.968,13,5.6,,,,,,1,,,,
2008-05-27,8,37,51.5,,,CHINA: SICHUAN PROVINCE,32.71,105.54,10,5.7,,,,,,3,20000,4,20000,4
2008-05-29,15,46,0.4,,,ICELAND: REYKJAVIK,64.004,-21.012,10,6.3,,,30,1,,1,,,,
2008-06-06,20,2,56.8,,,ALGERIA: ORAN,35.883,-0.658,4,5.5,1,1,30,1,,2,,2,,2
2008-06-06,21,16,33.8,,,INDIA: MANPUR,24.702,84.964,11,3.8,,,2,1,,1,,,,
2008-06-08,12,25,29.7,,,"GREECE: ACHAIA, ILEIA",37.963,21.525,16,6.3,2,1,240,3,,3,1156,4,,
2008-06-13,23,43,45.3,,,JAPAN: HONSHU: TOKYO,39.03,140.881,8,6.9,13,1,357,3,,3,,,614,3
2008-07-01,0,17,33.2,,,"PERU: CENTRAL: OXAPAMPA, HUANCABAMBA",-10.368,-75.512,33,5.5,,,45,1,,1,60,1,25,1
2008-07-03,23,10,2,,,IRAN: NE: KATKAN,35.5,58.8,10,5,,,,,,1,,2,,2
2008-07-05,2,12,4.4,,,RUSSIA: SEA OF OKHOTSK,53.882,152.886,633,7.7,,,,,,,,,,
2008-07-08,9,13,7.4,,,PERU: AREQUIPA,-15.986,-71.748,123,6.2,1,1,,,,1,,,,2
2008-07-19,2,39,28.7,1,,JAPAN: OFF EAST COAST OF HONSHU ISLAND,37.552,142.214,22,6.9,,,,,,,,,,
2008-07-23,15,26,19.9,,,JAPAN: HONSHU: N,39.802,141.464,108,6.8,1,1,200,3,,2,90,2,90,2
2008-07-24,7,9,30,,,CHINA: SICHUAN PROVINCE,32.747,105.542,10,5.6,1,1,17,1,,3,1200,4,1200,4
2008-07-29,18,42,15.7,,,CALIFORNIA: LOS ANGELES,33.953,-117.761,15,5.4,,,8,1,,1,,,,1
2008-08-01,8,32,43,,,CHINA: SICHUAN PROVINCE,32.036,104.722,7,5.7,,,231,3,,2,540,3,540,3
2008-08-05,9,49,17.2,,,CHINA: SICHUAN PROVINCE,32.756,105.494,6,6,4,1,29,1,,1,,,,
2008-08-11,7,19,26.4,,,VENEZUELA: CARIACO-CUMANA,10.514,-64.171,13,5.2,,,,,,1,,,50,1
2008-08-15,10,25,16.5,,,PHILIPPINES: LUZON: LEGASPI,12.897,124.319,10,6,,,,,,1,,,,
2008-08-19,21,35,17.2,,,CHINA: YUNNAN PROVINCE,25.051,97.919,46,5,,,,,,3,5,1,5,1
2008-08-21,12,24,29.5,,,CHINA: YUNNAN PROVINCE,25.044,97.684,1,6,5,1,127,3,,3,,,,
2008-08-25,11,25,19.3,,,NEW ZEALAND: NORTH ISLAND,-39.715,176.851,32,5.5,,,,,,2,,,,
2008-08-25,13,21,58.8,,,CHINA: TIBET (XIZANG PROVINCE),30.901,83.52,12,6.7,,,,,,2,,,700,3
2008-08-26,8,7,8.5,1,,ATLANTIC OCEAN: SOUTH,-52.533,26.417,10,5,,,,,,,,,,
2008-08-27,1,35,32.1,,,RUSSIA: LAKE BAYKAL,51.607,104.158,16,6.2,,,,,,1,,,,
2008-08-30,8,30,54,,,CHINA: SICHUAN PROVINCE,26.272,101.937,17,5.9,43,1,589,3,,4,392000,4,392000,4
2008-09-03,2,22,47,,,TURKEY: ADIYAMAN,37.507,38.503,6,4.1,,,,,,1,,,,
2008-09-09,3,7,27.5,,,INDONESIA: SUMATRA: SOUTHERN,-3.935,103.058,25,5.4,2,1,,,,2,,,,
2008-09-10,11,0,34,,,IRAN: HORMOZGAN PROVINCE,26.743,55.828,12,6.1,7,1,45,1,,3,,3,,3
2008-09-11,0,20,50.9,1,,JAPAN: HOKKAIDO,41.892,143.754,25,6.8,,,,,,,,,,
2008-09-16,21,47,14.5,,,INDIA: MAHARASHTRA,17.438,73.915,10,5,1,1,20,1,,3,,,,
2008-10-05,15,52,49.4,,,KYRGYZSTAN: NURA,39.533,73.824,27,6.6,74,2,140,3,,2,,2,,
2008-10-06,8,30,45.5,,,CHINA: TIBET (XIZANG PROVINCE),29.807,90.35,12,6.3,9,1,19,1,,2,,3,,
2008-10-11,9,6,10.7,,,RUSSIA: CAUCASUS: CHECHNYA,43.372,46.254,16,5.7,13,1,100,2,,3,,,1027,4
2008-10-28,23,9,57.6,,,PAKISTAN: QUETTA,30.639,67.351,15,6.4,166,3,370,3,,4,3487,4,3487,4
2008-10-29,11,32,43.1,,,PAKISTAN: ZIARAT,30.598,67.455,14,6.4,,,1,1,,2,,2,,2
2008-11-10,1,22,2.5,,,CHINA: QINGHAI PROVINCE,37.565,95.833,19,6.3,,,3,1,4,2,,2,,2
2008-11-16,17,2,32.7,1,,INDONESIA: MINAHASSA PENINSULA,1.271,122.091,30,7.3,6,1,77,2,,3,,,1000,3
2008-11-19,6,11,20.7,,,"PANAMA: PASO CANOA, DAVID, PUERTO ARMUELLES",8.267,-82.967,32,6.1,,,,,,1,,,,
2008-11-22,22,27,55.1,,,CZECH REPUBLIC: KARVINA,49.914,18.455,,4.1,2,1,3,1,,1,,,,
2008-12-07,13,36,21.3,,,IRAN: S,26.99,55.8,15,5.4,,,5,1,,1,,,,
2008-12-09,18,53,11.1,,,CHINA: SICHUAN PROVINCE,32.518,105.395,25,4.5,2,1,3,1,,,,,,
2008-12-10,10,53,50,,,ARGENTINA: POTRERILLOS,-32.938,-69.259,10,4.1,,,,,,1,,,,
2008-12-25,20,20,51.5,,,CHINA: YUNNAN PROVINCE: SIMAO,23.97,97.569,35,4.8,,,19,1,,2,30,1,5400,4
2008-12-25,20,20,51.5,,,MYANMAR (BURMA),23.97,97.569,35,4.7,,,19,1,,3,30,1,30,1
2008-12-29,3,37,41.7,,,"AFGHANISTAN; PAKISTAN: MANSEHRA, SHANGLA",36.401,71.075,158,5.8,,,,,,1,,,,
2009-01-03,19,43,50.6,1,,PAPUA NEW GUINEA: NEAR NORTH COAST,-0.414,132.885,17,7.6,5,1,250,3,,3,,,840,3
2009-01-03,22,33,40.2,1,,PAPUA NEW GUINEA: NEAR NORTH COAST,-0.691,133.305,23,7.3,,,,,,,,,,
2009-01-08,19,21,35.6,,,COSTA RICA: LA PAZ,10.165,-84.197,14,6.1,23,1,100,2,,3,518,3,,
2009-01-15,17,49,39,1,,RUSSIA: KURIL ISLANDS,46.857,155.154,36,7.4,,,,,,,,,,
2009-01-21,18,17,3.3,,,PERU: PACCHA,-11.779,-75.626,10,4.6,,,,,,2,50,1,500,3
2009-02-11,17,34,50.8,1,,INDONESIA: KEPULAUAN TALAUD,3.884,126.397,22,7.2,,,64,2,,2,,,597,3
2009-02-20,3,48,48.2,,,PAKISTAN; INDIA: KASHMIR,34.204,73.899,10,5.4,,,44,1,,1,,,,
2009-02-20,10,2,29.1,,,CHINA: XINJIANG PROVINCE,40.657,78.692,17,5.5,,,,,,3,5613,4,331,3
2009-03-19,18,17,40.9,1,,TONGA ISLANDS,-23.046,-174.659,34,7.6,,,,,,,,,,
2009-03-26,4,44,11.6,,,INDIA: CHAIBASA,22.399,85.903,10,4.1,,,5,1,,1,,,,
2009-03-31,17,50,34.1,,,NICARAGUA: SAN JUAN DEL RIO COCO,13.452,-86.06,36,4.4,,,,,,1,3,1,10,1
2009-04-06,1,32,39,,,ITALY: L'AQUILA,42.334,13.334,9,6.3,309,3,1500,4,2500,4,15000,4,,
2009-04-07,17,47,37,,,ITALY: L'AQUILA,42.275,13.464,15,5.5,1,1,,,,1,,,,1
2009-04-09,1,46,58.2,,,INDIA: JAISALMER,27.143,70.749,44,5.2,,,6,1,,2,,,,
2009-04-16,21,27,51.3,,,AFGHANISTAN: NANGARHAR,34.185,70.076,6,5.4,19,1,51,2,,2,200,3,200,3
2009-05-17,19,50,6.2,,,SAUDI ARABIA: WESTERN,25.212,37.597,10,4.6,,,,,,1,,2,,
2009-05-19,17,35,0.6,,,SAUDI ARABIA: WESTERN,25.292,37.744,2,5.7,,,7,1,,,,,,
2009-05-19,19,29,48.9,,,INDIA: KASHMIR,33.198,75.787,21,4.9,,,,,,1,,,,
2009-05-24,16,17,50.8,,,BALKANS NW: MACEDONIA,41.303,22.714,0,5.3,,,,,,2,,,,
2009-05-28,8,24,45,1,,HONDURAS: NORTHERN; BELIZE,16.72,-86.236,10,7.3,7,1,40,1,,2,135,3,25,1
2009-05-29,6,20,14.6,,,VANUATU ISLANDS: TONGOA,-17.026,168.329,13,5.7,,,10,1,,1,,2,,2
2009-06-02,2,17,3.5,,,VANUATU ISLANDS: TONGOA,-17.757,167.949,15,6.3,,,4,1,,1,,,,
2009-06-13,17,17,38.2,,,KAZAKHSTAN: TEKELI,44.724,78.864,15,5.4,1,1,,,,1,,,,2
2009-07-04,6,49,35.5,,,PANAMA: PANAMA CITY,9.59,-78.966,38,6,,,32,1,,1,,,,
2009-07-09,11,19,16.2,,,CHINA: YUNNAN PROVINCE: YAOAN COUNTY,25.632,101.095,7,5.7,,,336,3,,3,,,,
2009-07-15,9,22,29,1,,NEW ZEALAND: OFF WEST COAST OF SOUTH ISLAND,-45.762,166.562,12,7.8,,,,,,1,,,,
2009-07-24,3,11,56.8,,,CHINA: TIBET (XIZANG PROVINCE): GYUNGCAN,31.158,85.902,13,5.8,,,,,,1,6,1,6,1
2009-08-08,13,26,17.5,,,CHINA: CHONGQING PROVINCE: RONGCHANG,29.358,105.438,10,3.4,2,1,1,1,,2,440,3,440,3
2009-08-10,19,55,35.6,1,,INDIA: ANDAMAN I,14.099,92.888,5,7.5,,,,,,,,,,
2009-08-10,20,7,9.1,1,,JAPAN: HONSHU: S COAST,34.743,138.264,40,6.4,1,1,123,3,,3,,,5192,4
2009-08-16,7,38,21.7,1,,INDONESIA: SUMATRA: PADANG,-1.479,99.49,20,6.7,,,9,1,,,,,,
2009-08-28,1,52,6.6,,,CHINA: QINGHAI PROVINCE,37.696,95.718,13,6.2,,,,,,1,,,,
2009-08-30,19,27,48.8,,,MYANMAR (BURMA); INDIA: SIBSAGAR,25.28,95.101,82,5.2,,,,,,1,,,,
2009-09-02,7,55,1,,,INDONESIA: JAVA,-7.782,107.297,46,7,81,2,1297,3,,3,,,,
2009-09-06,22,41,37.3,,,GEORGIA: NORTHWESTERN,42.66,43.443,15,6,,,1,1,,2,,,,
2009-09-12,20,6,24.6,,,VENEZUELA: CARABOBO,10.705,-67.92,10,6.3,,,18,1,,1,,,17,1
2009-09-18,11,53,48,,,"PHILIPPINES: COTABATO, SULTAN KUDARAT",6.513,124.715,10,5.7,,,91,2,,1,,,,
2009-09-18,23,6,57.7,,,INDONESIA: BALI: DENPASAR,-9.138,115.593,79,5.7,,,7,1,,1,,,,2
2009-09-21,8,53,5.9,,,BHUTAN: TASHIGANG,27.332,91.437,14,6.1,11,1,,,,3,,3,,3
2009-09-22,8,20,41,,,AUSTRALIA: MORNINGTON,-38.28,145.25,0,3.1,,,,,,1,,,,
2009-09-29,17,48,10.9,1,,SAMOA ISLANDS,-15.489,-172.095,18,8.1,,,,,,,,,,
2009-09-30,10,16,9.2,1,,INDONESIA: SUMATRA: PADANG,-0.72,99.867,81,7.5,1117,4,1214,4,2200,4,,3,181665,4
2009-10-01,1,52,27.3,,,INDONESIA: SUMATRA: SOUTHERN: KERINCI,-2.515,101.501,10,6.6,3,1,,,10,3,,3,,3
2009-10-07,22,3,14.4,1,,VANUATU ISLANDS,-13.006,166.51,45,7.6,,,,,,,,,,
2009-10-07,22,18,51.2,,,SOLOMON ISLANDS: SANTA CRUZ ISLANDS,-12.517,166.382,35,7.8,,,,,,,,,,
2009-10-09,18,11,39.9,,,ECUADOR: TENA,-0.962,-77.817,35,5.4,,,,,,1,,,,
2009-10-22,19,51,27.5,,,AFGHANISTAN: HINDU KUSH,36.517,70.95,18,6.1,5,1,,,,1,,,,
2009-10-29,17,0,38.6,,,"BHUTAN: MONGAR, PEMAGATSEL, TASHIGANG",27.262,91.417,26,5.3,,,,,,2,1,1,1,1
2009-11-01,21,7,20.6,,,CHINA: YUNNAN PROVINCE,25.962,100.825,25,4.9,,,28,1,,,1000,3,1000,3
2009-11-03,23,26,52,,,IRAN: BANDAR ABBAS,27.334,56.202,14,5.1,,,269,3,,1,,,,
2009-11-08,19,41,43.3,,,INDONESIA: SUMABAWA: BIMA,-8.207,118.631,18,6.6,2,1,200,3,2.43,2,,,,
2009-11-27,8,15,53.3,,,VENEZUELA: SIQUISIQUE,10.434,-69.715,7,5.4,,,,,,1,,,,
2009-12-06,21,51,59.8,,,SOUTH AFRICA: CARLETONVILLE,-26.414,27.494,2,3.5,2,1,3,1,,,,,,
2009-12-08,3,8,57.2,,,MALAWI: KARONGA,-9.948,33.878,8,5.9,1,1,15,1,,3,,,,
2009-12-12,11,51,25.7,,,INDIA: MAHARASHTRA: SATARA,17.109,73.767,10,5.1,,,,,,1,,,,
2009-12-17,23,45,36.4,,,JAPAN: HONSHU: ITO,34.921,139.261,7,4.9,,,7,1,,1,,,,
2009-12-19,13,2,17,,,TAIWAN: HUALIEN,23.796,121.605,57,6.4,,,14,1,,1,,,,1
2009-12-19,23,19,15.5,,,MALAWI: KARONGA,-10.108,33.818,6,6,3,1,250,3,,3,1111,4,1111,4
2009-12-30,18,48,57.7,,,MEXICO: MEXICALI,32.437,-115.165,9,5.9,,,,,,1,,,,
2009-12-31,9,57,29.7,,,BHUTAN: DAMETSI,27.319,91.51,10,5.2,,,2,1,,2,,,,
2010-01-02,2,15,12,,,TAJIKISTAN,38.245,71.467,47,5.1,,,,,1.5,2,98,2,1000,3
2010-01-03,21,48,5.3,1,,SOLOMON ISLANDS,-8.743,157.477,26,6.6,,,,,,,,,,
2010-01-03,22,36,27.9,1,,SOLOMON ISLANDS,-8.799,157.346,25,7.1,,,,,,1,16,1,60,2
2010-01-05,12,15,32.2,1,,SOLOMON ISLANDS,-9.019,157.551,15,6.8,,,,,,,,,,
2010-01-10,0,25,4.2,,,INDONESIA: JAVA: GARUT,-7.907,107.879,65,5.1,1,1,2,1,,,,,,
2010-01-10,0,27,39.3,,,CALIFORNIA: OFF COAST NORTHERN,40.652,-124.692,29,6.5,,,30,1,21.8,3,,,,
2010-01-12,21,53,10,1,,HAITI: PORT-AU-PRINCE,18.457,-72.533,13,7,316000,4,30000,4,8000,4,97294,4,188383,4
2010-01-15,18,0,46.7,,,VENEZUELA: CARIACO,10.454,-63.475,8,5.5,,,11,1,,1,,,3,1
2010-01-16,20,23,37,,,IRAN: KHUZESTAN: ARRJAN,32.45,48.3,5,5,,,,,,2,,,,
2010-01-17,9,37,26.1,,,CHINA: GUIZHOU PROVINCE,25.558,105.804,27,4.4,7,1,9,1,,,,,,
2010-01-30,21,36,58,,,CHINA: SICHUAN PROVINCE: MOXI,30.268,105.668,10,4.7,1,1,15,1,,2,200,3,200,3
2010-02-25,4,56,51.9,,,CHINA: YUNNAN PROVINCE,25.523,101.903,36,4.8,,,11,1,,1,,,,1
2010-02-26,20,31,26.9,1,,"JAPAN: TORI SHIMA, OKINAWA",25.93,128.425,25,7,,,2,1,,1,,,,
2010-02-27,6,34,11.5,1,,"CHILE: MAULE, CONCEPCION, TALCAHUANO",-36.122,-72.898,23,8.8,402,3,12000,4,30000,4,,,500000,4
2010-02-27,15,45,37,,,ARGENTINA: SALTA,-24.872,-65.602,10,6.3,2,1,2,1,,,,,,
2010-03-04,0,18,51.2,,,TAIWAN: KAO-HSIUNG,22.918,120.795,21,6.3,,,96,2,1000,4,,,,
2010-03-08,2,32,34.7,,,"TURKEY: ELAZIG PROVINCE: OKCULAR, YUKARI DEMIRCI",38.864,39.986,12,6.1,51,2,100,2,,2,287,3,287,3
2010-03-11,14,39,43.9,1,,CHILE: RANCAGUA,-34.29,-71.891,11,6.9,,,,,,1,,,,
2010-03-30,16,54,46.7,,,INDIA: ANDAMAN ISLANDS: DIGLIPUR,13.667,92.831,34,6.7,,,10,1,,2,,,,
2010-04-04,22,40,43.1,,,MEXICO: BAJA CALIFORNIA,32.297,-115.278,4,7.2,2,1,233,3,1150,4,,,,3
2010-04-06,22,15,1.5,1,,INDONESIA: SUMATRA,2.383,97.048,31,7.8,,,,,,,,,,
2010-04-13,23,49,38.3,,,CHINA: QINGHAI PROVINCE: YUSHU,33.165,96.548,17,6.9,2220,4,12135,4,500,4,15000,4,,
2010-04-18,20,28,50.2,,,AFGHANISTAN: SAMANGAN PROVINCE,35.633,67.658,13,5.6,11,1,70,2,,4,2000,4,,
2010-04-20,0,17,8,,,AUSTRALIA: KALGOORLIE,-30.794,121.406,0,5.2,,,3,1,,1,,,,
2010-05-01,22,36,29.3,,,INDIA: CHAMOLI,30.099,80.026,36,4.5,,,,,,1,,,,
2010-05-06,2,42,47.9,,,PERU: TACNA,-18.058,-70.547,37,6.2,,,11,1,,2,,,,
2010-05-09,5,59,41.6,,,INDONESIA: N. SUMATRA: SIMEULUE ISLAND,3.748,96.018,38,7.2,,,,,,1,,,,
2010-05-14,12,29,22.3,,,ALGERIA: NORTHERN: BENI YELLMAN,35.9,4.12,2,5.2,2,1,43,1,,,,,,
2010-05-16,5,16,10,,,"PUERTO RICO: LARES, VEGA BAJA",18.4,-67.07,113,5.8,,,,,,1,,,,
2010-05-29,11,46,50.3,1,1,"ANATAHAN REGION, N. MARIANA ISLANDS",16.591,145.682,10,4.4,,,,,,,,,,
2010-06-12,19,26,50.4,1,,INDIA: LITTLE NICOBAR ISLAND,7.881,91.936,35,7.5,,,,,,,,,,
2010-06-15,4,26,58.4,,,CALIFORNIA: OCOTILLO,32.7,-115.921,5,5.8,,,,,,1,,,,1
2010-06-16,3,16,27.5,,,INDONESIA: NEW GUINEA: IRIAN JAYA: JAPEN,-2.174,136.543,18,7,17,1,,,,3,2556,4,,
2010-06-18,23,9,31,,,INDIA: ANDAMAN ISLANDS: DIGLIPUR,13.197,93.087,20,5.9,,,,,,1,,,,
2010-06-22,23,14,10.8,,,INDIA: TAULI,29.872,80.428,16,5.2,,,,,,1,,1,,1
2010-06-23,17,41,41,,,"CANADA: QUEBEC: VAL-DES-BOIS, GRACEFIELD",45.88,-75.48,22,5.2,,,,,,1,,,,
2010-06-30,7,22,27.6,,,MEXICO: SAN ANDRES HUAXPALTEPEC,16.396,-97.782,20,6.2,1,1,,,,,,,,
2010-07-20,19,38,9.5,,,IRAN: FARSINAJ,27.022,53.861,10,5.8,1,1,32,1,,2,,,,3
2010-07-23,22,51,12.4,,,PHILIPPINES: CELEBES SEA: MORO GULF,6.486,123.467,586,7.6,,,,,,,,,,
2010-07-30,13,50,13.2,,,IRAN: TORBET-I-HEYDARIYEH,35.217,59.308,24,5.4,,,274,3,,3,,,,
2010-08-10,5,23,44.9,1,,VANUATU ISLANDS,-17.541,168.069,25,7.2,,,,,,,,,,
2010-08-12,11,54,15.5,,,"ECUADOR: MANTA, GUAYAQUIL, LOJA",-1.266,-77.306,207,7.1,,,,,,1,,,,
2010-08-13,21,19,33,1,,"GUAM, NORTHERN MARIANA ISLANDS",12.484,141.476,10,6.9,,,,,,,,,,
2010-08-27,19,23,49.5,,,IRAN: DAMGHAN-TORUD,35.49,54.47,7,5.7,3,1,200,3,,3,700,3,,
2010-08-29,0,53,31.4,,,"CHINA: SICHUAN PROVINCE: NINGANG, ZIAOJIA",27.197,103.005,35,4.9,,,14,1,,3,,,1001,4
2010-09-03,16,35,47.7,,,NEW ZEALAND: CHRISTCHURCH,-43.522,171.83,12,7,,,2,1,6500,4,,,,3
2010-09-06,11,24,1.5,,,NEW ZEALAND: SOUTH ISLAND: CHRISTCHURCH,-43.57,172.388,9,5,,,,,,1,,,,
2010-09-06,22,48,33.2,,,NEW ZEALAND: NORTH ISLAND: PORANGAHAU,-40.433,176.818,21,5.1,,,,,,1,,,,
2010-09-07,19,49,57.4,,,NEW ZEALAND: SOUTH ISLAND: CANTERBURY,-43.598,172.69,6,5,,,,,,1,,,,
2010-09-10,17,24,16.6,,,BANGLADESH: NARAYANGANJ,23.407,90.648,10,4.8,,,,,,1,,,,
2010-09-27,11,22,46,,,IRAN: SHIRAZ,29.647,51.665,27,5.8,1,1,3,1,,1,,1,,
2010-10-10,21,44,25.9,,,"PAKISTAN: KHANPUR, HARIPUR",33.869,72.887,33,5.2,1,1,15,1,,2,,,100,1
2010-10-25,14,42,22,1,,INDONESIA: SUMATRA,-3.487,100.082,20,7.8,,,,,,,,,,
2010-11-03,0,56,55,,,BALKANS NW: SERBIA: KRALJEVO,43.76,20.673,1,5.5,2,1,100,2,,3,1000,3,5000,4
2010-11-06,3,52,20,,,IRAN: DORUD-RAZAN,33.37,48.94,5,4.9,,,104,3,,1,,,,2
2010-11-12,9,37,19.9,,,PAKISTAN: QUETTA,30.178,67.117,27,4.7,,,12,1,,1,,,,2
2010-12-16,12,14,24.5,,,"ETHIOPIA: JIMA, HOSA'INA, SHENK'OLA, WENJELA",7.521,37.839,10,5.1,,,,3,,2,,,,3
2010-12-19,5,5,30,,,OKLAHOMA: LUTHER,35.827,-96.772,5,3.7,,,,,,1,,,,1
2010-12-20,18,41,59.2,,,IRAN: KERMAN,28.412,59.18,12,6.5,7,1,25,1,,3,,3,1800,4
2010-12-21,17,19,40.6,1,,JAPAN: BONIN ISLANDS,26.901,143.698,14,7.4,,,,,,,,,,
2010-12-25,13,16,37,1,,VANUATU ISLANDS,-19.702,167.947,16,7.3,,,,,,,,,,
2010-12-25,21,30,15.7,,,NEW ZEALAND: CHRISTCHURCH,-43.55,172.647,5,4.5,,,,,,1,,,20,1
2011-01-05,16,32,24.2,,,IRAN: FARS PROVINCE,30.16,51.62,24,4.5,,,16,1,,2,,,,
2011-01-09,10,3,44.2,1,,VANUATU ISLANDS,-19.157,168.311,24,6.5,,,,,,,,,,
2011-01-18,20,23,23.4,,,"PAKISTAN: GARHI KHAIRO, QUETTA, BALOCHISTAN",28.777,63.951,68,7.2,3,1,,2,,2,200,3,200,3
2011-02-01,7,11,26,,,CHINA: YUNNAN PROVINCE: PINGYUAN,24.693,97.943,31,4.8,,,1,1,,2,,,700,3
2011-02-04,13,53,46.2,,,MYANMAR (BURMA): MONYWA,24.618,94.68,85,6.3,1,1,,,,1,,2,,
2011-02-11,20,5,30.7,1,,CHILE: OFF COAST CENTRAL,-36.474,-73.125,28,6.8,,,,,,,,,,
2011-02-17,22,47,21.5,,,COLORADO: PAONIA,38.947,-107.497,1,3.1,,,,,,1,,,,
2011-02-21,23,51,42.3,1,,"NEW ZEALAND: CHRISTCHURCH, LYTTELTON",-43.583,172.68,6,6.1,181,3,1500,4,15000,4,100000,4,,
2011-03-03,15,12,1.4,,,PHILIPPINES: MINDANAO,9.457,125.935,50,5.5,,,,,,1,,,,2
2011-03-09,2,45,20.3,1,,JAPAN: HONSHU: E COAST,38.435,142.842,32,7.5,,,,,,,,,,
2011-03-10,4,58,16,,,CHINA: YUNNAN PROVINCE: PINGYUAN,24.719,97.969,26,5.5,25,1,250,3,,3,1039,4,12528,
2011-03-11,5,46,24.1,1,,JAPAN: HONSHU,38.297,142.372,30,9.1,1476,4,6152,4,220000,4,127511,4,273796,4
2011-03-11,6,15,40.2,,,JAPAN: NEAR E COAST HONSHU,36.281,141.111,43,7.9,,,,,,,,,,
2011-03-11,6,25,50.3,,,JAPAN: OFF EAST COAST HONSHU,38.058,144.59,19,7.6,,,,,,,,,,
2011-03-24,13,55,12,,,MYANMAR: TACHILEK,20.687,99.822,8,6.8,75,2,123,3,3.6,2,,,10104,4
2011-04-04,11,31,43,,,"NEPAL-INDIA: UTTARAKHAND, UTTAR PRADESH",29.698,80.754,26,5.4,,,,,,1,,,,
2011-04-07,14,32,43.2,1,,JAPAN: NEAR E COAST HONSHU,38.276,141.588,42,7.1,3,1,132,3,,1,,,,
2011-04-10,9,2,47.3,,,CHINA: SICHUAN PROVINCE: LUHUO,31.373,100.757,43,5.1,,,,,,1,,,,1
2011-04-11,8,16,12.7,,,JAPAN: HONSHU,37.001,140.401,11,6.6,7,1,,,,1,3,1,,
2011-04-24,23,7,51.4,,,INDONESIA: SULAWESI: KENDARI,-4.586,122.771,8,6.1,,,14,1,,2,,2,,
2011-05-11,16,47,25.7,,,SPAIN: LORCA,37.699,-1.672,1,5.1,10,1,,3,,1,,1,,1
2011-05-19,21,12,51,,,TURKEY: SIMAV,39.12,29.04,7,4.3,2,1,125,3,,1,,,,2
2011-06-08,1,53,26,,,CHINA: XINJIANG PROVINCE: DABANCHENG,43.015,88.247,21,5.3,,,8,1,,1,,,50,1
2011-06-13,2,20,49.3,,,NEW ZEALAND: SOUTH ISLAND: CANTERBURY,-43.564,172.743,6,6,1,1,45,1,3000,4,100,2,,
2011-06-20,10,16,55.2,,,CHINA: YUNNAN PROVINCE: BAOSHAN,25.075,98.721,39,5.3,,,4,1,,2,,,,
2011-06-24,3,9,39.4,1,,ALASKA: ALEUTIAN ISLANDS: FOX ISLANDS,52.05,-171.836,52,7.3,,,,,,,,,,
2011-06-26,7,48,16.7,,,CHINA: QINGHAI PROVINCE,32.447,95.948,29,5.3,,,,,,1,10,1,,3
2011-07-06,19,3,18.2,1,,NEW ZEALAND: KERMADEC ISLANDS,-29.539,-176.34,17,7.6,,,,,,,,,,
2011-07-10,0,57,10.8,1,,JAPAN: HONSHU: E COAST,38.034,143.264,23,7,,,,,,,,,,
2011-07-19,19,35,43.4,,,"UZBEKISTAN: FARGONA, VIOLYATI",40.081,71.41,20,6.1,14,1,86,2,,1,,2,,
2011-08-09,11,50,22.2,,,CHINA: YUNNAN PROVINCE: BAOSHAN,24.932,98.73,40,5,,,,,,3,,,22823,4
2011-08-11,10,6,29.3,,,"CHINA: XINJIANG PROVINCE: SOUTHERN, KASHI",39.955,77.028,10,5.7,,,21,1,,2,,,,
2011-08-20,16,55,2.8,1,,VANUATU ISLANDS,-18.365,168.143,32,7.1,,,,,,,,,,
2011-08-20,18,19,23.5,1,,VANUATU ISLANDS,-18.311,168.218,28,7,,,,,,,,,,
2011-08-23,5,46,18.2,,,COLORADO: SEGUNDO,37.063,-104.701,4,5.4,,,,,,2,,,,
2011-08-23,17,51,4.5,,,"VIRGINIA: LOUISA COUNTY, MARYLAND, WASHINGTON D.C.",37.936,-77.933,6,5.8,,,,,,2,,,,
2011-09-02,10,55,53.5,1,,ALASKA: ALEUTIAN ISLANDS: FOX ISLANDS,52.171,-171.708,32,6.8,,,,,,,,,,
2011-09-05,17,55,11.2,,,INDONESIA: SUMATRA,2.965,97.893,91,6.7,10,1,,,,1,,,,2
2011-09-07,17,58,18.7,,,INDIA: DELHI,28.724,77.189,10,4.3,,,1,1,,,,,,
2011-09-18,12,40,51.8,,,INDIA: SIKKIM,27.73,88.155,50,6.9,111,3,177,3,22.3,3,6000,4,6000,4
2011-09-19,18,33,55.8,,,GUATEMALA: CUILAPA SANTA ROSA,14.186,-90.238,9,5.6,1,1,,,,1,,,,
2011-10-20,17,18,34.1,,,INDIA: GUJARAT,21.211,70.533,10,5,,,34,1,,3,,,3000,4
2011-10-21,17,57,16.1,1,,KERMADEC ISLANDS,-28.993,-176.238,33,7.4,,,,,,,,,,
2011-10-23,10,41,22.9,,,"TURKEY: ERCIS, VAN",38.722,43.513,16,7.1,604,3,2608,4,1500,4,5739,4,4882,4
2011-10-28,18,54,34,,,PERU: SAN VICENTE DE CANETE,-14.438,-75.966,24,6.9,1,1,103,3,,2,134,3,,
2011-10-29,0,43,55.1,,,INDIA: SIKKIM,27.449,88.684,10,3.5,2,1,,,,,,,,
2011-10-29,13,50,49,,,ECUADOR: POMASQUI,-0.13,-78.37,3,4,,,,,,1,,,,2
2011-11-01,0,21,28,,,CHINA: XINJIANG PROVINCE,43.648,82.437,28,5.6,,,,,10.5,3,2453,4,,3
2011-11-06,3,53,10,,,OKLAHOMA: SPARKS,35.532,-96.765,5,5.7,,,2,1,,2,14,1,,3
2011-11-07,9,43,15.9,,,PHILIPPINES: MINDANAO: BUKIDNON PROVINCE,7.904,125.185,46,5,,,31,1,,1,,,23,1
2011-11-08,2,46,57,,,"OKLAHOMA: SPARKS, PRAGUE",35.531,-96.788,5,5,,,,,,1,,,,2
2011-11-09,19,23,33.2,,,TURKEY: VAN,38.429,43.229,5,5.7,40,1,,,,1,,1,,
2011-11-21,3,15,42.2,,,INDIA: ASSAM,24.955,95.236,114,5.8,,,,,,1,,,,
2011-11-24,21,13,15.6,,,EL SALVADOR-GUATEMALA,13.297,-87.898,43,5.1,,,,,,1,,,80,2
2011-12-01,12,48,17.7,,,"CHINA: XINJIANG PROVINCE: SOUTHERN, KASHI",38.31,76.888,32,5.3,,,,,,2,,,300,3
2011-12-03,6,19,10.4,,,NEW ZEALAND: COOK STRAIT,-41.364,174.315,56,5.3,,,,,,1,,,,2
2011-12-11,1,47,25.9,,,MEXICO: GUERRERO,17.844,-99.963,54,6.4,2,1,5,1,,2,,,70,2
2011-12-23,0,58,38.3,,,NEW ZEALAND: SOUTH ISLAND: CHRISTCHURCH,-43.49,172.8,10,5.8,,,60,2,,1,,,,1
2011-12-27,15,21,56.8,,,RUSSIA: KYZYL,51.842,95.911,15,6.7,,,,,,2,,,,3
2012-01-19,12,35,51.3,,,IRAN: KHORASAN-E-RAZAVI,36.288,58.835,8,5.3,,,238,3,,1,,,,2
2012-01-30,5,11,0.9,,,PERU: ICA,-14.168,-75.635,43,6.4,,,119,3,,1,,,,1
2012-02-02,13,34,40.6,1,,VANUATU ISLANDS,-17.827,167.133,23,7,,,,,,,,,,
2012-02-06,3,49,12.5,,,PHILIPPINES: NEGROS ORIENTAL PROVINCE,9.999,123.206,11,6.7,51,2,112,3,15,3,15000,4,,
2012-02-26,2,35,0.5,,,TAIWAN: PINGTUNG,22.661,120.891,28,5.9,,,,,,1,,,,
2012-02-27,18,48,55.3,,,IRAN: RAVAR,31.428,56.778,10,5.2,,,6,1,,1,,,,2
2012-03-05,23,6,30.8,,,PHILIPPINES: MASBATE ISLAND,12.354,123.7,37,5.6,,,10,1,,1,1,1,,2
2012-03-14,9,8,35.1,1,,JAPAN: HOKKAIDO,40.887,144.944,12,6.9,,,,,,,,,,
2012-03-16,7,58,2.5,,,PHILIPPINES: SURIGAO,10.037,125.633,18,5.8,,,55,2,,1,4,1,,1
2012-03-20,18,2,47.4,1,,"MEXICO: GUERRERO, OAXACA",16.493,-98.231,20,7.4,2,1,13,1,,3,800,3,,
2012-03-25,22,37,6,,,"CHILE: PARRAL, SANTIAGO",-35.2,-72.217,41,7.2,1,1,14,1,,1,,,,2
2012-04-11,8,38,36.7,1,,INDONESIA: N SUMATRA: OFF WEST COAST,2.327,93.063,20,8.6,10,1,12,1,,1,,,,2
2012-04-11,10,43,10.8,1,,INDONESIA: N SUMATRA: OFF WEST COAST,0.802,92.463,25,8.2,,,,,,,,,,
2012-04-14,22,5,26.4,1,,VANUATU ISLANDS,-18.972,168.741,11,6.3,,,,,,,,,,
2012-04-17,3,50,15.6,,,CHILE: VALPARAISO,-32.625,-71.365,29,6.7,2,1,,,,1,,,,2
2012-05-03,10,9,35.6,,,"IRAN: MOURMOURI, ABDANAN, DEHLORAN",32.747,47.726,10,5.4,,,8,1,,2,,,,3
2012-05-07,4,40,27.7,,,AZERBAIJAN: ZAGATALA,41.549,46.789,11,5.7,,,50,1,,3,3100,4,,1
2012-05-11,12,41,35.3,,,"INDIA: ASSAM: KAMRUP, GUWAHATI",26.175,92.889,43,5.4,,,2,1,,1,,,,2
2012-05-12,23,48,43.5,,,TAJIKISTAN,38.612,70.354,10,5.7,1,1,,,,2,,3,,
2012-05-14,10,0,40.2,,,CHILE: ARICA; PERU: TACNA,-17.678,-69.591,10,6.3,,,,,,1,,,,
2012-05-19,13,41,21.2,,,BRAZIL: MONTES CLAROS,-16.764,-43.999,10,4.1,,,,,,1,,,6,1
2012-05-20,2,3,52,,,ITALY: EMILIA ROMAGNA: MIRANDOLA,44.89,11.23,6,6.1,7,1,,1,,4,,,,3
2012-05-20,13,18,2,,,ITALY: SANT'AGOSTINO,44.831,11.49,5,5.1,,,,,,1,,,,
2012-05-22,0,0,32.7,,,BULGARIA: PERNIK,42.645,22.968,10,5.6,,,,,,2,,,90,2
2012-05-29,7,0,3,,,"ITALY: EMILIA ROMAGNA: MEDOLLA, MIRANDOLA, CAVEZZO",44.851,11.086,10,5.9,17,1,350,3,15800,4,,,,
2012-06-04,11,18,13.4,,,INDONESIA: JAVA,-7.692,106.371,50,5.8,,,2,1,,1,,,23,1
2012-06-10,12,44,16.5,,,TURKEY: FETHIYE; GREECE: RHODES,36.42,28.88,35,6.1,,,6,1,,1,,,,2
2012-06-11,5,29,11.5,,,AFGHANISTAN: HINDU KUSH,36.023,69.351,16,5.8,75,2,13,1,,2,143,3,593,3
2012-06-14,5,52,53.6,,,TURKEY: SIRNAK,37.294,42.325,5,5.3,,,23,1,,1,,,25,1
2012-06-24,7,59,34.8,,,CHINA: YUNNAN AND SICHUAN PROVINCES,27.767,100.781,10,5.5,4,1,394,3,,4,6768,4,,
2012-06-29,21,7,33.8,,,CHINA: XINJIANG PROVINCE,43.433,84.7,18,6.3,,,52,2,68,4,,,30000,4
2012-07-20,12,11,52,,,CHINA: JIANGSU PROVINCE,32.978,119.593,10,4.9,1,1,2,1,,1,,,,
2012-07-25,0,27,45.2,,,INDONESIA: BANDA ACEH,2.707,96.045,22,6.5,1,1,,,,1,,,20,1
2012-07-25,11,20,27,,,SOLOMON ISLANDS: GUADALCANAL,-9.694,159.727,20,6.4,,,,,,1,26,1,,
2012-08-11,12,23,18.1,,,"IRAN: AHAR, HARIS, VARZAGAN",38.329,46.826,11,6.5,306,3,3000,4,,4,,4,,4
2012-08-14,2,59,38.4,,,RUSSIA: SAKHALIN ISLAND,49.8,145.064,583,7.7,,,,,,,,,,
2012-08-18,9,41,52.4,,,"INDONESIA: SULAWESI: SIGI, PARIGI MOUNTONG",-1.315,120.096,10,6.3,6,1,43,1,,4,471,3,1097,4
2012-08-27,4,37,19.4,1,,NICARAGUA: OFF THE COAST,12.139,-88.59,28,7.3,,,,,,,,,,
2012-08-31,12,47,33.3,1,,"PHILIPPINES: CAGAYAN DE ORO, TACLOBAN",10.811,126.638,28,7.6,1,1,1,1,0.3,1,,1,,
2012-09-05,14,42,7.8,1,,COSTA RICA: NICOYA,10.085,-85.315,35,7.6,2,1,20,1,,1,,2,,
2012-09-07,3,19,42.5,,,CHINA: YUNNAN PROVINCE: ZHAOTONG: YILIANG,27.575,103.983,10,5.6,81,2,821,3,1000,4,37000,4,133000,4
2012-10-18,2,33,27.9,,,"INDIA: DEURALA, JAISINGHNAGAR, KOTMA, SARAI, UMARIA",23.739,81.314,10,5,,,,,,1,,2,1,1
2012-10-28,3,4,8.9,1,,CANADA: QUEEN CHARLOTTE ISLANDS,52.788,-132.101,14,7.7,,,,,,1,,,,1
2012-11-07,16,35,46.9,1,,"GUATEMALA: SAN MARCOS, SAN CRISTOBAL COCHU",13.988,-91.895,24,7.3,48,2,155,3,,3,2769,4,7561,4
2012-11-11,1,12,38.8,,,MYANMAR (BURMA): SHWEBO,23.005,95.885,14,6.8,26,1,230,3,,2,251,3,,
2012-11-26,5,33,48.8,,,CHINA: XINJIANG PROVINCE: RUOQIANG,40.411,90.355,10,5.1,,,,,,1,,,,2
2012-12-05,17,8,13.5,,,IRAN: KHORASAN PROVINCE,33.506,59.571,14,5.7,8,1,12,1,,1,,,,1
2012-12-07,8,18,23.1,1,,JAPAN: HONSHU: MIYAGI PREFECTURE,37.89,143.949,31,7.2,,,11,1,,,,,,
2013-01-05,8,58,19.3,1,,ALASKA: SOUTHEASTERN,55.393,-134.652,10,7.5,,,,,,,,,,
2013-01-21,22,22,52.7,,,INDONESIA: SUMATERA: N,4.927,95.907,12,6.1,1,1,15,1,,1,,,71,2
2013-02-06,1,12,25.8,1,,SOLOMON ISLANDS: SANTA CRUZ ISLANDS,-10.799,165.114,24,7.9,,,,,,1,,,,
2013-02-08,15,26,38.4,1,,SOLOMON ISLANDS: SANTA CRUZ ISLANDS,-10.928,166.018,21,7,,,,,,,,,,
2013-02-09,14,16,7.8,,,"COLOMBIA: CAUCA, NARINO, VALLE DEL CAUCA, RISARALDA",1.135,-77.393,145,7,,,15,1,,2,100,2,1900,4
2013-02-15,3,20,26,,,RUSSIA: CHELYABINSK (METEOR EXPLOSION),55.15,61.41,,4.2,,,1000,3,,3,,,4000,4
2013-02-19,2,47,1.2,,,CHINA: YUNNAN PROVINCE: QIAOJIA,27.226,103.071,10,4.9,,,8,1,,2,72,2,949,3
2013-02-22,21,1,47.2,,,PERU: S,-15.748,-71.425,8,5.3,,,,,,1,,,80,2
2013-03-03,5,41,16.9,,,CHINA: YUNNAN PROVINCE,25.98,99.812,8,5.4,,,30,1,,3,700,3,2500,4
2013-03-11,3,1,37.4,,,CHINA: XINJIAN PROVINCE: S,40.119,77.466,10,5.1,,,,,,2,864,3,,
2013-03-27,2,3,19.8,,,"TAIWAN: NANTOU COUNTY, TAIPEI",23.828,121.215,19,6,1,1,86,2,1.128,2,,,,3
2013-04-09,11,52,49.9,,,"IRAN: BUSHEHR PROVINCE: SHANBE, KAKI, SENA",28.428,51.593,12,6.3,37,1,850,3,,2,,3,700,3
2013-04-10,19,14,2,,,HONDURAS: ATLANTIDA,15.52,-87.159,4,5.4,,,,,,1,12,1,66,2
2013-04-12,20,33,17.5,,,JAPAN,34.369,134.828,14,5.8,,,24,1,,1,,,,1
2013-04-16,10,44,20.1,,,IRAN; PAKISTAN: MASHKAL,28.033,61.996,80,7.7,40,1,300,3,,3,,,1000,3
2013-04-17,8,57,33.9,,,JAPAN: MIYAKEJIMA,33.958,139.352,9,5.8,,,3,1,,1,,,,2
2013-04-18,0,50,38.5,,,TEXAS: WEST,31.817,-97.088,0,2.1,14,1,200,3,100,4,50,1,,
2013-04-19,3,5,52.6,1,,RUSSIA: KURIL ISLANDS,46.221,150.788,110,7.2,,,,,,,,,,
2013-04-20,0,2,47.5,,,CHINA: SICHUAN PROVINCE: LONGMEN,30.308,102.888,14,6.6,196,3,11470,4,,3,,3,,3
2013-04-24,9,25,30,,,AFGHANISTAN: KAMA,34.526,70.22,64,5.5,18,1,141,3,,2,,,676,3
2013-05-01,6,57,13.4,,,"INDIA: KASHMIR: DODA, KISHTWAR, RAMBAN",33.061,75.863,15,5.7,3,1,90,2,19.5,3,1136,4,95532,4
2013-05-11,2,8,8.5,,,IRAN: HORMOZGAN: BASHAGARD,26.56,57.77,15,6.1,2,1,20,1,,2,,,,3
2013-05-19,9,7,26.5,,,ALGERIA: ALGIERS,36.703,5.261,7,4.9,,,5,1,,1,,,,2
2013-05-24,5,44,48.9,,,RUSSIA: SEVERO KURILSKIYE,54.892,153.221,598,8.3,,,,,,,,,,
2013-06-01,14,10,6.7,,,"PHILIPPINES: N. COTABATO: KIMADZIL, KIBUGTONGAN",7.275,124.898,10,5.7,,,33,1,,1,,,164,3
2013-06-02,5,43,3.4,,,TAIWAN: JENAI,23.789,121.141,17,6.3,4,1,21,1,,1,,,,
2013-06-18,23,2,9.8,,,RUSSIA: KEMEROVO,54.263,86.173,10,5.3,,,,,,1,,,500,3
2013-06-22,5,42,39.8,,,INDONESIA: LOMBOK ISLAND,-8.305,116.058,47,5.1,,,50,1,,3,5370,3,1700,4
2013-07-02,7,37,2.6,,,INDONESIA: BANDA ACEH,4.645,96.665,13,6.1,42,1,2500,4,,3,20401,4,,
2013-07-08,2,13,40.6,,,INDONESIA: JAVA,-8.803,113.002,60,5.7,,,1,1,,1,124,3,,
2013-07-17,3,0,56.5,,,ALGERIA: HAMMAM MELOUANE,36.534,3.086,10,4.8,,,11,1,,1,,,,3
2013-07-21,5,9,31.4,1,,NEW ZEALAND: COOK STRAIT,-41.704,174.337,17,6.5,,,5,1,,1,,,35,1
2013-07-21,23,45,56.6,,,"CHINA: GANSU: DINGXI, MIN",34.512,104.262,8,6,94,2,1001,4,1968,4,,4,22496,4
2013-08-02,21,37,7,,,INDIA: KASHMIR: KISHTWAR,33.297,75.95,42,5.2,,,2,1,,2,,,,3
2013-08-07,9,6,2,,,"GREECE: CENTRAL: PHTHIOTIS, REGGINI",38.689,22.695,0,5.5,,,,,,2,100,2,,
2013-08-11,21,23,31,,,CHINA: TIBET (XIZANG PROVINCE): QAMDO,30.046,97.957,6,5.7,,,,,,2,,,,1
2013-08-16,2,31,47,1,,"NEW ZEALAND: WELLINGTON, MARLBOROUGH",-41.731,174.027,12,6.5,,,,2,,2,,2,,2
2013-08-21,12,38,7,,,"MEXICO: SAN MARCOS, ACAPULCO",16.878,-99.498,21,6.2,,,1,1,,1,,,,1
2013-08-27,20,44,36,,,CHINA: YUNNAN PROVINCE: SHANGRI-LA,28.239,99.328,10,5.2,,,,,,1,36,1,36,1
2013-08-31,0,5,15,,,CHINA: YUNNAN PROVINCE: BENZILAN,28.243,99.35,8,5.8,5,1,24,1,,3,600,3,55500,4
2013-09-07,0,13,57,,,"GUATEMALA: COATEPEQUE, QUETZALTENANGO",14.606,-92.121,66,6.4,1,1,11,1,,1,3,1,,
2013-09-24,11,30,37,1,,"PAKISTAN: AWARAN, KECH",26.951,65.501,15,7.7,825,3,619,3,,4,32638,4,14118,4
2013-09-25,16,42,,,,PERU: AREQUIPA,-16.15,-74.87,31,7.1,,,,,,1,,1,,
2013-09-28,7,34,45,,,PAKISTAN: AWARAN,27.183,65.505,12,6.8,22,1,50,1,,,,2,,2
2013-10-12,13,11,35,,,GREECE: CRETE: CHANIA,35.514,23.252,40,6.6,,,1,1,,1,,,,1
2013-10-15,0,12,5,,,"PHILIPPINES: BOHOL, CEBU, SIQUIJOR IS",9.88,124.117,19,7.1,222,3,976,3,51.8,4,,4,,4
2013-10-22,5,40,1,,,INDONESIA: BANDA ACEH,5.103,95.971,10,5.5,1,1,2,1,,1,,,160,3
2013-10-25,17,10,,1,,JAPAN: HONSHU: E COAST,37.2,144.6,10,7.1,,,1,1,,,,,,
2013-11-10,5,16,36,,,TAJIKISTAN: VAHDAT,38.41,68.89,23,5.2,,,,,,2,104,3,256,3
2013-11-17,9,4,53,1,,SCOTIA SEA: SOUTH ORKNEY ISLANDS,-60.274,-46.401,10,7.7,,,,,,,,,,
2013-11-22,22,4,4,,,CHINA: JILIN PROVINCE: SONGYUAN,44.599,124.168,10,5.3,,,,,,2,,,5300,4
2013-11-28,13,51,51,,,IRAN: BORAZJAN,29.275,51.313,4,5.7,8,1,200,3,,2,250,3,,1
2014-01-02,3,13,57,,,IRAN: BASTAK,27.15,54.448,8,5.3,1,1,30,1,,1,,,,3
2014-01-05,3,36,59,,,COLOMBIA: SIPI,4.557,-76.644,54,5.6,,,,,,2,,,121,3
2014-01-13,4,1,24,,,PUERTO RICO,19.043,-66.81,20,6.4,,,,,,1,,,,
2014-01-20,2,52,35,,,"NEW ZEALAND: WELLINGTON, MANAWATU-WANGANUI",-40.66,175.814,28,6.1,,,,,,1,,,,1
2014-01-25,5,14,51,,,INDONESIA: JAVA: BANYUMAS,-7.986,109.265,66,6.1,,,,,,1,1,1,,2
2014-01-26,13,55,21,,,GREECE: KEFALONIA,38.208,20.453,8,6.1,,,6,1,178,4,,,,1
2014-02-02,14,26,51,,,IRAN: GOHARAN,26.589,57.741,10,5.3,,,,,,1,,,,3
2014-02-03,3,8,29,,,GREECE: KEFALONIA: LIXOURION,38.244,20.379,4,6,,,16,1,,1,,,,1
2014-02-09,2,16,49,,,OKLAHOMA: GUTHRIE,35.937,-97.271,5,4.1,,,,,,1,,,,
2014-02-12,9,19,6,,,CHINA: XINJIANG PROVINCE: YUTIAN,35.905,82.586,10,6.9,,,,,,3,67,2,1001,4
2014-02-26,0,1,29,,,AUSTRALIA: KALGOORLIE,-30.686,121.332,1,4.5,,,,,,1,,,,
2014-03-13,17,7,17,,,JAPAN: SOUTHWESTERN,33.684,131.825,79,6.3,,,18,1,,1,,,,
2014-03-16,21,16,,1,,CHILE: IQUIQUE,-19.965,-70.814,21,6.7,,,,,,1,,,,
2014-03-29,4,10,12,,,"CALIFORNIA: LA HABRA, BREA, FULLERTON",33.863,-117.835,4,5.1,,,,1,10.8,3,,,20,1
2014-04-01,23,46,26,1,,"CHILE: NORTHERN: IQUIQUE, ALTO HOSPICIO",-19.61,-70.769,25,8.2,7,1,,,100,4,,,2600,4
2014-04-03,2,43,11,1,,CHILE: NORTHERN: IQUIQUE,-20.571,-70.493,22,7.7,,,,,,,,,,
2014-04-04,22,40,44,,,CHINA: YUNNAN PROVINCE: XILUODU,28.174,103.619,25,5.4,,,21,1,,2,75,2,2700,4
2014-04-10,23,27,6,,,"NICARAGUA: NAGAROTE, MANAGUA",12.403,-86.378,13,6.1,2,1,250,3,3,2,168,3,2210,4
2014-04-11,7,7,13,,,PAPUA NEW GUINEA: BOUGAINVILLE ISLAND,-6.586,155.049,61,7.1,1,1,,,,1,51,2,,
2014-04-12,20,14,3,1,,SOLOMON ISLANDS,-11.27,162.148,23,7.6,,,,,,,,,,
2014-04-13,12,36,23,1,,SOLOMON ISLANDS,-11.463,162.051,39,7.4,,,,,,,,,,
2014-04-14,5,7,12,,,"NICARAGUA: MANAGUA, CIUDAD SANDINO",12.151,-86.281,10,5.2,,,,1,,1,7,1,,
2014-04-18,14,28,32,1,,MEXICO: GUERRERO; MEXICO CITY,17.397,-100.972,24,7.2,,,,,,1,,,127,2
2014-04-19,13,29,21,1,,PAPUA NEW GUINEA: SOLOMON SEA,-6.755,155.024,43,7.5,,,,,,,,,,
2014-05-05,11,8,42,,,THAILAND: CHIANG RAI,19.656,99.67,6,6.1,1,1,32,1,62,4,20,1,,3
2014-05-08,17,1,21,,,MEXICO: TECPAN,17.235,-100.746,17,6.4,,,,,,1,,,,1
2014-05-08,22,52,23,,,PAKISTAN: NAWABSHAH,26.387,68.358,15,4.5,2,1,70,2,,1,,2,,
2014-05-17,16,46,4,,,GERMANY: HESSE,49.799,8.69,5,3.6,,,,,1.36,2,,,70,2
2014-05-19,0,59,6,,,ALBANIA: BELSH,41.115,19.777,10,5,,,,,,1,,,,1
2014-05-24,9,25,5,,,"GREECE, TURKEY",40.24,25.33,23,6.9,3,1,266,3,450,4,,,,2
2014-05-30,1,20,17,,,CHINA: YUNNAN PROVINCE: YINGJIANG,25,97.845,10,5.9,,,45,1,,4,3390,4,18000,4
2014-06-23,19,20,34,1,,NEW ZEALAND: SSE OF RAOUL ISLAND,-29.977,-177.725,20,6.9,,,,,,,,,,
2014-06-23,20,53,7,1,,ALASKA: ALEUTIAN ISLANDS,51.849,178.735,109,7.9,,,,,,,,,,
2014-07-07,11,23,7,,,MEXICO; GUATEMALA: SAN MARCOS,14.728,-92.578,67,6.9,3,1,33,1,,1,,1,50,1
2014-07-11,19,23,22,1,,JAPAN: SANRIKU,37.005,142.453,20,6.5,,,3,1,,,,,,
2014-07-15,9,8,56,,,OKLAHOMA: HARRAH,35.524,-97.146,5,3.9,,,,,,2,,,,2
2014-07-25,10,55,12,1,,ALASKA: SOUTHEASTERN,58.306,-136.96,10,6.1,,,,,,,,,,
2014-07-29,10,46,7,,,MEXICO: OAXACA,17.682,-95.653,107,6.3,1,1,1,1,,2,,,,2
2014-08-01,4,11,4,,,ALGERIA: ALGIERS,36.841,3.301,30,5.5,6,1,420,3,,,,,,
2014-08-03,8,30,57,,,"CHINA: YUNNAN: LUDIAN: LONGTOUSHAN, ZHAOTONG",27.189,103.409,12,6.2,615,3,3143,4,,3,25800,4,160400,4
2014-08-05,10,23,38,,,SOUTH AFRICA: ORKNEY,-26.99,26.705,5,5.5,1,1,17,1,,2,13,1,1433,4
2014-08-12,19,58,13,,,ECUADOR: QUITO,-0.018,-78.322,12,5.1,2,1,8,1,,1,,,89,2
2014-08-16,22,8,4,,,CHINA: YUNNAN PROVINCE: YONGSHAN,28.125,103.546,10,5,,,6,1,,1,,,337,3
2014-08-18,2,32,2,,,IRAN: ILAM PROVINCE: ABDANAN,32.663,47.673,6,6.2,,,330,2,,1,2700,4,17000,4
2014-08-24,10,20,6,,,"CALIFORNIA: NAPA, VALLEJO",38.216,-122.312,11,6.1,1,1,257,3,700,4,160,3,1034,4
2014-09-20,4,26,52,,,PHILIPPINES: BARANGAY LUAYON,6.864,125.233,26,5.2,,,1,1,,1,15,1,67,2
2014-09-28,2,35,19,,,PERU: PARURO PROVINCE,-13.843,-71.695,10,5.1,8,1,6,1,,1,106,3,,3
2014-10-07,13,50,12,,,CHINA: YUNNAN PROVINCE: YONGPING,23.383,100.47,9,6.1,1,1,323,3,,1,,1,,
2014-10-09,2,14,44,1,,CHILE: EASTER ISLAND REGION,-32.108,-110.811,17,7,,,,,,,,,,
2014-10-14,3,51,46,1,,EL SALVADOR: GULF OF FONSECA,12.526,-88.123,40,7.3,1,1,,,,1,5,1,41,1
2014-11-15,2,32,12,1,,INDONESIA: N. MOLUCCAS ISLANDS,1.893,126.522,45,7.1,,,,,,,,,,
2014-11-22,8,55,58,,,CHINA: SICHUAN PROVINCE: GARZE,30.34,101.737,9,5.9,5,1,65,2,,3,30,1,27400,4
2014-11-22,13,8,42,,,"JAPAN: NAGANO: HAKUBA, OTARI",36.641,137.888,9,6.2,,,45,1,,1,50,1,,2
2014-12-06,10,20,52,,,CHINA: YUNNAN PROVINCE: YONGPING,23.358,100.533,10,5.6,1,1,15,1,,2,434,3,17000,4
2014-12-23,8,0,8,,,ALGERIA: BLIDA,36.492,3.025,7,4.9,,,,1,,1,,,,1
2015-01-14,5,22,23,,,CHINA: SICHUAN PROVINCE: LESHAN,29.353,103.199,10,5.3,,,11,1,,2,,,2000,4
2015-02-16,23,6,27,1,,JAPAN: HONSHU,39.856,142.881,23,6.7,,,,,,,,,,
2015-02-19,13,19,21,1,,VANUATU ISLANDS,-16.431,168.148,10,6.4,,,,,,1,,,,1
2015-02-20,22,37,28,,,CHINA: YUNNAN PROVINCE,23.01,101.755,10,4.5,,,,,,1,,,276,3
2015-02-21,21,21,8,,,BALKANS NW: BOSNIA-HERZEGOVINA:,44.534,18.934,7,3.6,4,1,1,1,,,,,,
2015-02-22,6,43,14,,,CHINA: XINJIANG PROVINCE: SHAWAN,44.133,85.568,12,5.1,,,,,14.65,3,,,1728,4
2015-02-26,21,59,14,,,PAKISTAN: BATTAGRAM,34.671,73.278,30,5.4,,,5,1,,1,,,2,1
2015-02-28,20,10,56,,,PERU: AREQUIPA: CAYLLOMA: CABANACONDE,-15.693,-71.934,10,4.5,,,,,,2,64,2,500,3
2015-03-01,10,24,5,,,"CHINA: YUNNAN PROVINCE: CANGYUAN, GENGMA",23.5,98.9,11,5.5,,,39,1,,3,220,3,15800,4
2015-03-08,20,47,4,,,BALKANS NW: SERBIA: KOSJERIC,44.088,19.861,20,4.4,,,,,,1,,,100,2
2015-03-10,20,55,2,,,"COLOMBIA: ANTIOQUIA, SANTANDER",6.8,-73.01,184,6.2,,,,,,3,180,3,2167,4
2015-03-14,6,14,38,,,CHINA: ANHUI PROVINCE: FUYANG,33.15,115.8,10,4.6,2,1,13,1,,2,155,3,11079,4
2015-03-29,23,48,1,1,,PAPUA NEW GUINEA,-4.729,152.562,41,7.5,,,,,,,,,,
2015-04-20,1,42,38,,,TAIWAN: TAIPEI,24.203,122.316,29,6.4,1,1,1,1,,1,,,19,1
2015-04-25,6,12,35,,,NEPAL: KATHMANDU; INDIA; CHINA; BANGLADESH,28.231,84.731,8,7.8,8200,4,17866,4,10000,4,299588,4,269107,4
2015-05-02,16,51,39,1,,JAPAN: HONSHU: S. OF,31.529,140.213,10,5.7,,,,,,,,,,
2015-05-05,1,44,38,1,,PAPUA NEW GUINEA,-5.462,151.875,55,7.5,,,,,,1,,,,1
2015-05-12,7,6,13,,,NEPAL: DOLAKHA,27.809,86.066,15,7.3,117,3,2800,4,,2,,2,,
2015-05-30,11,23,11,,,JAPAN: BONIN ISLANDS [CHICHIJIMA ISLAND],27.839,140.493,664,7.8,,,12,1,,,,,,
2015-06-04,23,16,31,,,"MALAYSIA: SABAH: LAHAD,DATU,KANAK",5.987,116.541,10,6,18,1,,2,,1,,,23,1
2015-06-28,1,5,56,,,INDIA: KOKRAJHAR,26.638,90.41,26,5.3,,,2,1,,,,,,3
2015-07-03,1,7,1,,,CHINA: S. XINJIANG: HOTAN,37.6,78.2,10,6.4,3,1,263,3,,3,3000,4,,
2015-07-03,6,43,54,,,PHILIPPINES: MINDANAO,10.169,125.891,32,6.1,1,1,,,,,,,,
2015-07-10,4,12,54,1,,SOLOMON ISLANDS,-9.307,158.403,12,6.7,,,,,,,,,,
2015-07-18,2,28,22,1,,SOLOMON ISLANDS,-10.401,165.141,11,7,,,,,,,,,,
2015-07-24,20,59,12,,,PAKISTAN: ABBOTTABAD,33.856,73.193,17,5.1,3,1,1,1,,1,3,1,,
2015-07-27,4,49,,1,,ALASKA,52.214,-169.399,23,6.9,,,,,,,,,,
2015-07-27,21,42,11,,,INDONESIA: PAPUA,-2.629,138.528,48,7,1,1,,,,1,1,1,6,1
2015-07-29,0,11,6,,,COLOMBIA-PANAMA: COLOMBIA: UNGUIA,8.231,-77.315,12,5.9,,,6,1,,1,,,45,1
2015-08-07,1,25,54,,,RWANDA: BUKAVU,-2.141,28.897,11,5.8,3,1,30,1,,,,,,
2015-08-09,7,5,38,,,EL SALVADOR: ALEGRIA,13.668,-88.478,10,4.5,,,4,1,,2,,,92,2
2015-09-16,22,55,26,1,,CHILE: CENTRAL,-31.573,-71.674,22,8.3,7,1,14,1,600,4,2305,4,10044,4
2015-09-24,15,53,,,,INDONESIA: SORONG,-0.59,131.27,10,6.6,,,62,2,,2,,,260,3
2015-10-17,11,33,,,,ARGENTINA: GALPON,-25.442,-64.632,33,5.8,2,1,30,1,,1,15,1,,
2015-10-26,9,9,56,,,AFGHANISTAN: HINDU KUSH,36.524,70.368,231,7.5,399,3,1770,4,109,4,29230,4,79893,4
2015-11-04,3,44,19,,,INDONESIA: EAST NUSA TENGGARA: ALOR,-8.338,124.875,20,6.5,,,,,9,3,,,1468,4
2015-11-07,6,58,30,,,VENEZUELA: MERIDA,8.477,-71.365,14,5.3,1,1,,,,1,33,1,83,2
2015-11-11,1,54,37,1,,CHILE: LA SERENA,-29.439,-72.105,10,6.9,,,,,,,,,,
2015-11-13,20,51,3,1,,JAPAN: KYUSYU ISLAND,31.001,128.873,12,6.7,,,,,,,,,,
2015-11-17,7,10,3,1,,"GREECE: LEFKADA, KEFALONIA, ITHACA",38.67,20.6,11,6.5,2,1,4,1,,2,1,1,,2
2015-11-17,17,29,29,,,KYRGYZSTAN: OSH,40.376,73.204,18,5.6,,,,,,2,200,3,800,3
2015-11-22,20,38,5,,,VENEZUELA: MERIDA,8.48,-71.42,5,5.1,1,1,3,1,,1,,,6,1
2015-11-24,22,45,,,,PERU-BRAZIL,-10.77,-71.41,636,7.6,,,,,,,,,,
2015-11-24,22,50,,,,PERU-BRAZIL,-10.07,-70.98,606,7.6,,,,,,,,,,
2015-12-07,7,51,35,,,TAJIKISTAN,38.211,72.78,22,7.2,2,1,,3,5,2,500,3,,3
2015-12-17,19,49,5,,,MEXICO: COCOTITLAN,15.802,-93.633,85,6.6,2,1,,,,,,,,
2015-12-25,19,14,19,,,AFGHANISTAN; PAKISTAN,36.494,71.126,206,6.3,4,1,97,2,,1,,1,,1
2016-01-03,23,5,27,,,INDIA: IMPAHL,24.804,93.651,55,6.7,13,1,100,2,,1,,,,2
2016-01-16,23,22,4,,,"INDONESIA: MALUKU: BURU, AMBALAU ISLAND",-3.873,127.229,4,5.6,1,1,22,1,,1,,,230,3
2016-01-24,10,30,56,,,ALASKA: KENAI,59.658,-153.452,126,7.1,,,,,,1,4,1,,
2016-01-25,4,23,13,,,MOROCCO: MELILLA,35.649,-3.682,12,6.3,1,1,26,1,,1,,1,,1
2016-02-05,19,57,6,,,TAIWAN: TAINAN,22.97,120.46,10,6.4,117,3,525,3,,3,,1,,1
2016-03-02,12,49,11,1,,INDONESIA: SUMATRA:,-4.952,94.33,24,7.8,,,,,,,,,,
2016-04-10,10,29,12,,,AFGHANISTAN: KHYBER PAKHTUNKHWA,36.473,71.131,212,6.6,6,1,5,1,,1,,,20,1
2016-04-13,13,55,8,,,INDIA: ASSAM; BANGLADESH,23.094,94.865,136,6.9,2,1,170,3,,2,,,4,1
2016-04-15,16,25,22,,,"JAPAN: KUMAMOTO, OITA",32.791,130.754,10,7,50,1,1500,4,12000,4,80000,4,,
2016-04-16,23,58,,1,,"ECUADOR: NEAR WEST COAST: MANABI, ESMERALDAS",0.35,-80.16,17,7.8,663,3,6274,4,3300,4,6998,4,29672,4
2016-04-28,19,33,7,1,,VANUATU ISLANDS,-16.043,167.379,24,7,,,,,,,,,,
2016-05-11,1,15,22,,,CHINA: TIBET (XIZANG PROVINCE),32.022,95.027,8,5.2,,,60,2,,1,,1,,
2016-05-18,16,47,26,,,ECUADOR: MANABI PROVINCE,0.495,-79.616,30,6.9,1,1,162,3,,1,,1,32,1
2016-05-28,23,54,38,,,ALGERIA: MEDEA: MIHOUB,36.431,3.517,11,5.4,,,28,1,,2,,3,,1
2016-06-01,22,56,8,,,INDONESIA: SUMATRA: PESISIR SELATAN,-2.097,100.665,50,6.6,1,1,30,1,,2,,,2663,4
2016-06-07,19,15,33,,,INDONESIA: MALUKU: TERNATE ISLAND,1.279,126.371,31,6.3,,,,,,1,,,,1
2016-07-01,14,59,15,,,TAJIKISTAN: RASHT,38.881,70.559,10,5,,,,,,1,31,1,,
2016-07-29,21,19,14,,,NORTHERN MARIANA ISLANDS,18.543,145.507,196,7.7,,,,,,,,,,
2016-07-31,9,18,17,,,CHINA: GUANGXI PROVINCE,24.134,111.478,25,4.9,,,,,,2,,,200,3
2016-07-31,23,41,28,,,INDONESIA: SUMBAWA ISLAND: WEST NUSA TENGGARA,-8.194,117.814,21,5.6,,,4,1,,2,,,700,3
2016-08-12,1,26,28,1,,NEW CALEDONIA: LOYALTY ISLANDS,-22.477,173.117,16,7.2,,,,,,,,,,
2016-08-15,2,58,,,,PERU: AREQUIPA,-15.64,-71.68,8,5.5,9,1,68,2,,2,605,3,671,3
2016-08-19,7,33,11,1,,SOUTH SANDWICH ISLANDS,-55.285,-31.877,10,7.4,,,,,,,,,,
2016-08-24,1,36,2,,,"ITALY: ACCUMOLI, ARQUATA, AMATRICE",42.704,13.238,4,6.2,299,3,368,3,5500,4,,3,,2
2016-08-24,10,34,58,,,MYANMAR (BURMA): CHAUK,20.923,94.569,82,6.8,4,1,20,1,,2,,,230,3
2016-09-01,16,37,57,1,,NEW ZEALAND: GISBORNE,-37.401,179.055,19,7.1,,,,,,,,,,
2016-09-10,12,27,33,,,TANZANIA: LAKE VICTORIA,-1.03,31.56,40,5.9,19,1,252,3,458,4,1044,4,6281,4
2016-09-11,13,10,7,,,BALKANS NW: MACEDONIA,42.012,21.481,10,5.3,,,30,1,,1,,,,1
2016-09-12,11,32,54,,,SOUTH KOREA: GYEONGJU,35.769,129.227,10,4.6,1,1,14,1,,1,,,106,3
2016-09-23,19,11,56,,,RWANDA: RISUZI; CONGO: UKAVU,-2.65,29.06,10,4.8,3,1,25,1,,1,,1,,
2016-10-01,8,4,34,,,"PAKISTAN: MANSEHRA, NARAN",34.905,73.682,10,5.4,1,1,,2,,1,,2,,
2016-10-21,5,7,23,,,JAPAN: KURAYOSHI,35.374,133.809,10,6.2,,,7,1,,1,2,1,160,3
2016-10-26,19,18,8,,,"ITALY: VISSO, USSITA",42.956,13.067,10,6.1,1,1,,1,,1,,,1001,4
2016-10-30,6,40,18,,,ITALY: NORCIA,42.862,13.096,8,6.6,,,12,1,,1,,1,,1
2016-11-07,1,44,24,,,OKLAHOMA: CUSHING,35.984,-96.798,5,5,,,,1,,1,,,50,1
2016-11-13,11,2,56,1,,NEW ZEALAND: AMBERLEY,-42.757,173.077,53,7.8,2,1,,,,2,,,,1
2016-11-21,20,59,49,1,,JAPAN: NEAR E COAST HONSHU,37.392,141.403,11,6.9,,,,1,,1,,,,
2016-11-24,18,43,48,1,,NICARAGUA,11.96,-88.835,10,7,,,,,,,,,,
2016-11-27,23,35,21,,,"NEPAL: MOUNT AMA DABLAM, CHARIKHARKA",27.806,86.532,10,5.4,1,1,1,1,,1,2,1,,
2016-11-29,20,9,39,,,POLAND: RUDNA,51.613,16.157,5,,8,1,9,1,,1,,,,
2016-12-01,22,40,15,,,"PERU: PUNO, LAMPA",-15.294,-70.823,10,6.2,1,1,17,1,,1,8,1,40,1
2016-12-06,22,3,32,,,INDONESIA: SUMATRA: ACEH: PIDIE JAYA,5.281,96.108,8,6.5,104,3,600,3,233,4,245,3,18752,4
2016-12-08,17,38,46,1,,SOLOMON ISLANDS,-10.665,161.335,41,7.8,1,1,,,,1,191,3,126,3
2016-12-09,19,10,7,1,,SOLOMON ISLANDS,-10.73,161.107,21,6.9,,,,,,,,,,
2016-12-17,10,51,12,1,,PAPUA NEW GUINEA: NEW BRITAIN NEW IRELAND,-4.509,153.45,103,7.9,,,,,,,,,,
2016-12-19,7,11,39,,,ECUADOR: ESMERALDAS,0.816,-79.74,10,5.4,3,1,,,,1,10,1,65,1
2016-12-25,14,22,27,1,,CHILE,-43.416,-73.88,35,7.6,,,,,,1,,,,
2017-01-03,9,9,2,,,INDIA: AMBASA; BANGLADESH,24.015,92.018,32,5.7,3,1,,1,,1,,,,2
2017-01-03,21,52,31,1,,FIJI ISLANDS,-19.326,176.053,17,6.9,,,,,,,,,,
2017-01-06,2,33,29,,,IRAN: KHONJ,28.2,53.107,10,5,4,1,4,1,,1,,,,
2017-01-11,22,6,58,,,MADAGASCAR: ANTSIRABE,-20.16,46.647,7,5.5,2,1,,1,,1,,,,1
2017-01-18,10,14,11,,,ITALY: FARINDOLA,42.601,13.227,7,5.7,29,1,,,,1,,1,,
2017-01-22,4,30,56,1,,PAPUA NEW GUINEA: BOUGAINVILLE ISLAND,-6.214,155.122,136,7.9,2,1,,,,1,,1,,
2017-02-07,22,3,56,,,PAKISTAN: PASNI,25.216,63.272,26,6.3,,,,,,1,,,,1
2017-02-10,14,3,43,,,PHILIPPINES: SURIGAO DEL NORTE,9.911,125.461,15,6.5,8,1,202,3,,2,215,3,3042,4
2017-03-05,0,8,18,,,PHILIPPINES: SURIGAO DEL NORTE,9.831,125.496,11,5.7,1,1,45,1,,1,13,1,,
2017-03-13,14,19,6,,,MYANMAR (BURMA): THARRAWADDY,17.415,95.999,10,5.1,2,1,36,1,,1,,1,,1
2017-04-05,6,9,12,,,IRAN: SEFID SANG,35.8,60.436,13,6.1,2,1,11,1,,1,,,,1
2017-04-08,7,9,27,,,"PHILIPPINES: BATANGAS, CALABARZON",13.725,120.929,43,5.9,,,6,1,,2,506,3,2108,4
2017-04-10,23,53,58,,,"EL SALVADOR: SAN SALVADOR,SOYAPANGO",13.753,-89.16,10,4.8,1,1,3,1,,1,,,,
2017-04-24,21,38,26,1,,CHILE: VALPARAISO,-33.073,-72.051,25,6.9,,,,,,,,,,
2017-04-28,20,23,17,1,,PHILIPPINES: SARANGANI,5.516,125.093,26,6.9,,,,,,1,1,1,,1
2017-05-01,12,31,54,1,,ALASKA: SKAGWAY,59.844,-136.695,2,6.2,,,,,,,,,,
2017-05-10,21,58,22,,,CHINA: XINJIANG: QUZGUN,37.659,75.253,10,5.4,8,1,23,1,,,1500,4,,
2017-05-13,18,1,,,,IRAN: KHORASAN,37.777,57.195,17,5.8,2,1,400,3,,2,,,,4
2017-05-25,9,55,35,,,TANZANIA: MWANZA,-3.054,32.893,10,4.4,1,1,18,1,,,,,,
2017-05-28,11,4,59,,,"TURKEY: MANISA: SARUHANLI, GOLMARMARA",38.765,27.775,1,5,,,,,,2,,,35,1
2017-05-29,14,35,21,,,INDONESIA: SULAWESI: POSO,-1.289,120.453,12,6.8,,,25,1,,2,5,1,348,3
2017-06-12,12,28,38,1,,GREECE: LESBOS,38.932,26.364,10,6.3,1,1,15,1,,2,10,1,250,3
2017-06-14,7,29,5,,,"GUATEMALA: QUETZALTENANGO, SUCHITEPEQUEZ; MEXICO",14.982,-91.988,94,6.9,5,1,30,1,,3,,1,,3
2017-06-21,4,40,,,,NEPAL: DHADING,27.64,85.17,,3.2,1,1,1,1,,,,,,
2017-06-22,12,31,4,,,"GUATEMALA: ESCUINTLA, SUCHITEPEQUEZ, GUATEMALA",13.753,-90.949,47,6.8,,,4,1,,2,,,53,2
2017-06-24,2,37,18,,,MOZAMBIQUE,-19.444,34.509,24,5.6,,,4,1,,1,2,1,2,1
2017-07-06,8,3,57,,,PHILIPPINES: LEYTE,11.114,124.633,7,6.5,3,1,448,3,4.3,2,,1,,1
2017-07-17,23,34,13,1,,RUSSIA: BERING ISLAND,54.472,168.815,11,7.7,,,,,,,,,,
2017-07-18,2,5,19,,,PERU: AREQUIPA,-16.416,-73.636,44,6.4,1,1,1,1,,,,,,
2017-07-20,22,31,12,1,,"TURKEY: BODRUM, DATCA; GREECE: KOS",36.949,27.458,10,6.7,2,1,500,3,,2,,1,,1
2017-08-02,7,15,13,,,CHILE: SANTIAGO,-33.212,-70.626,92,5.4,1,1,,,,,,,,
2017-08-08,13,19,49,,,CHINA: SICHUAN PROVINCE: ABA,33.193,103.855,9,6.5,25,1,525,3,500,4,100,2,72500,4
2017-08-08,23,27,53,,,CHINA: XINGJIANG: BORTALA,44.323,82.837,26,6.3,,,32,1,,2,,,,4
2017-08-11,21,45,9,,,PERU: AREQUIPA,-16.299,-73.474,41,5.6,1,1,,1,,,,,,
2017-08-21,18,57,51,,,ITALY: ISLAND OF ISCHIA,40.78,13.945,9,4.2,2,1,42,1,,,,1,,
2017-08-22,22,26,14,,,PHILIPPINES: LEYTE: ORMOC,11.014,124.736,10,5,2,1,,1,,2,,,56,2
2017-09-08,4,49,19,1,,"MEXICO: OAXACA, CHIAPAS, TABASCO; GUATEMALA",15.022,-93.899,47,8.2,98,2,,3,2300,4,5000,4,53152,4
2017-09-19,18,14,39,,,"MEXICO: MEXICO CITY, MORELOS, PUEBLA",18.584,-98.399,51,7.1,369,3,,3,6000,4,226,3,27792,4
2017-09-23,12,53,2,,,MEXICO: OAXACA,16.737,-94.946,9,6.1,5,1,2,1,,1,11,1,,
2017-09-23,20,47,8,,,PHILIPPINES: MINDANAO: LANAO DEL SUR PROVINCE,7.629,124.874,31,5.7,,,11,1,,2,,,1759,4
2017-10-31,0,42,6,1,,NEW CALEDONIA: LOYALTY ISLANDS,-21.66,169.203,11,6.8,,,,,,,,,,
2017-10-31,11,50,48,,,INDONESIA: MALUKU: AMBON,-3.745,127.752,6,6.1,1,1,,,,1,,,14,1
2017-11-01,2,23,56,1,,NEW CALEDONIA: LOYALTY ISLANDS,-21.63,168.884,10,6.6,,,,,,,,,,
2017-11-12,18,18,17,,,IRAN: KERMANSHAH; IRAQ: KURDISTAN,34.886,45.941,23,7.3,630,3,12900,4,750,4,15500,4,14500,4
2017-11-13,2,28,24,,,COSTA RICA: JACO,9.526,-84.505,20,6.5,2,1,,,,,,,,
2017-11-15,5,29,32,,,SOUTH KOREA: POHANG,36.065,129.27,10,5.4,,,90,2,52,4,,1,1001,4
2017-11-18,16,7,2,,,INDONESIA: NORTH MALUKU: MOROTAI,2.382,128.144,20,5.9,1,1,,,,2,,,294,3
2017-11-19,22,43,29,1,,NEW CALEDONIA: LOYALTY ISLANDS,-21.334,168.683,10,7,,,,,,,,,,
2017-11-23,9,43,34,,,CHINA: CHONGQING: WULONG,29.362,108.104,10,5.1,,,8,1,1.5,2,1,1,30,1
2017-12-01,2,32,46,,,IRAN: KERMAN,30.765,57.331,10,6,,,51,1,,1,,2,,1
2017-12-15,16,47,56,,,INDONESIA: JAVA,-7.734,108.023,92,6.5,4,1,36,1,,2,,,4825,4
2017-12-20,19,57,37,,,IRAN: ALBORZ,35.654,50.949,10,4.9,2,1,115,3,,,,,,
2017-12-27,21,24,33,,,"IRAN: ALBORZ, TEHRAN",35.692,50.9,10,4,1,1,57,2,,,,,,
2018-01-04,10,46,12,,,BALKANS NW: MONTENEGRO: BERANE,42.658,19.883,10,4.9,,,,1,,2,,,,3
2018-01-06,15,22,9,,,IRAN: KERMANSHAH,34.649,45.799,10,5,,,51,2,,,,,,
2018-01-08,,,,,,THE NETHERLANDS: GRONINGEN,53.2,6.6,,3.4,,,,,,2,,,,4
2018-01-10,2,51,31,1,,HONDURAS,17.474,-83.519,10,7.5,,,,,,1,,,7,1
2018-01-11,6,59,31,,,IRAN: KERMANSHAH,33.764,45.749,10,5.5,,,13,1,,1,,,,2
2018-01-14,9,18,45,1,,PERU: YAUCA,-15.776,-74.744,36,7.1,2,1,139,3,,3,259,3,1577,4
2018-01-23,6,34,54,,,INDONESIA: JAVA: BANTEN,-7.196,105.918,44,6,1,1,11,1,,2,,,2760,4
2018-01-23,9,31,42,1,,ALASKA: KODIAK ISLAND,56.046,-149.073,25,7.9,,,,,,1,,,,
2018-01-31,7,7,,,,AFGHANISTAN; PAKISTAN: BALUCHISTAN,36.543,70.816,191,6.1,2,1,15,1,,,,,,
2018-01-31,23,13,21,,,ECUADOR: PASTAZA,-1.756,-77.694,19,5.2,1,1,,,,,,,,1
2018-02-06,15,50,42,,,TAIWAN: HUALIEN,24.174,121.653,11,6.4,17,1,291,3,,2,4,1,,1
2018-02-16,23,39,42,,,MEXICO: OAXACA,16.646,-97.653,25,7.2,13,1,,,,2,,,1000,3
2018-02-25,17,44,43,,,"PAPUA NEW GUINEA: S HIGHLANDS, HELA; INDONESIA",-6.068,142.768,23,7.5,145,3,300,3,61,4,,4,,4
2018-02-28,2,45,45,,,PAPUA NEW GUINEA: S HIGHLANDS,-6.182,142.492,16,6.1,1,1,,,,,,,,
2018-03-04,19,56,18,,,PAPUA NEW GUINEA: S HIGHLANDS,-6.307,142.62,10,6,11,1,,,,,,,,
2018-03-06,14,13,6,,,"PAPUA NEW GUINEA: S HIGHLANDS, HELA",-6.294,142.607,10,6.7,25,1,,,,,1,1,,
2018-04-01,8,35,27,,,IRAN: KERMANSHAH,34.456,45.764,10,5.3,,,54,2,,,,,,
2018-04-03,9,41,27,,,VENEZUELA: MERIDA,8.346,-71.664,10,4.9,,,,,,2,,,28,1
2018-04-07,5,48,38,,,PAPUA NEW GUINEA: HELA,-5.841,142.49,10,6.3,4,1,,,,1,,1,,1
2018-04-08,16,32,31,,,JAPAN: SHIMANE PREFECTURE,35.262,132.541,8,5.6,,,8,1,,,,,429,3
2018-04-10,3,11,31,,,ITALY: MUCCIA,43.093,13.046,5,4.7,,,,,,1,,,,
2018-04-18,6,28,35,,,INDONESIA: JAVA: BANJARNEGARA,-7.21,109.65,4,4.4,3,1,21,1,,2,,,316,3
2018-04-24,0,34,31,,,TURKEY: ADIYAMAN,37.596,38.514,10,5.2,,,39,1,,1,,,,1
2018-05-02,4,8,13,,,IRAN: KOHGILUYEH AND BOYER-AHMAD: SISAKHT,30.715,51.485,10,5.3,,,133,3,,2,,,,1
2018-05-03,11,17,,,,SOUTH AFRICA: WEST RAND,-26.4,27.5,,2.1,7,1,6,1,,,,,,
2018-05-04,22,32,55,1,1,HAWAIIAN ISLANDS: PUNA DISTRICT,19.37,-155.032,5,6.9,,,,,,1,,,,
2018-05-05,8,58,7,,,POLAND: SILESIAN: JASTRZEBIE-ZDROJ,50.11,18.71,10,4.1,5,1,2,1,,1,,,,
2018-05-06,19,2,22,,,"EL SALVADOR: LA UNION, SAN MIGUEL",13.095,-88.099,10,5.6,,,,,,2,11,1,289,3
2018-05-09,10,41,45,,,AFGHANISTAN: TAKHAR; PAKISTAN,36.99,71.369,112,6.2,,,13,1,,1,,1,45,1
2018-05-15,15,48,9,,,COMOROS: MAYOTTE,-12.778,45.593,17,5.8,,,3,1,,1,,,,1
2018-05-27,17,50,52,,,CHINA: JILIN PROVINCE: NINGJIANG,45.279,124.557,10,5.1,,,,,,3,,,10000,4
2018-06-05,18,40,30,,,AZERBAIJAN: SHAKI-ZAQATALA,41.526,46.785,24,5.3,1,1,31,1,,1,,,,1
2018-06-12,9,35,26,,,COLOMBIA: PASTO,1.032,-77.259,10,4.9,2,1,,,,1,1,1,,1
2018-06-17,22,58,35,,,JAPAN: OSAKA,34.833,135.612,11,5.5,5,1,380,3,,2,,,470,3
2018-07-21,7,58,15,,,INDONESIA: SUMATRA: SOLOK,-0.965,100.771,10,5.2,1,1,2,1,,1,2,1,10,1
2018-07-22,10,7,26,,,IRAN: KERMANSHAH,34.645,46.179,6,5.9,,,287,3,,2,,,951,3
2018-07-28,22,47,37,,,INDONESIA: LOMBOK ISLAND,-8.274,116.491,6,6.4,17,1,355,3,,3,5448,4,,3
2018-08-05,11,46,37,1,,INDONESIA: LOMBOK ISLAND,-8.287,116.452,31,6.9,560,3,7733,4,509,4,,3,83392,4
2018-08-09,5,25,31,,,INDONESIA: LOMBOK ISLAND,-8.394,116.208,10,5.9,2,1,24,1,,2,,,,3
2018-08-12,17,44,26,,,CHINA: YUNNAN PROVINCE: YUXI,24.322,102.941,10,5,,,24,1,,2,,,6000,4
2018-08-19,0,19,37,1,,FIJI ISLANDS,-18.178,-178.111,563,8.2,,,,,,,,,,
2018-08-19,4,10,21,,,INDONESIA: LOMBOK ISLAND,-8.325,116.577,8,6.3,2,1,1,1,,2,,,1705,4
2018-08-19,14,56,28,,,INDONESIA: LOMBOK ISLAND,-8.324,116.626,26,6.9,10,1,24,1,,2,,,151,3
2018-08-21,21,31,46,1,,VENEZUELA: SUCRE; TRINIDAD,10.855,-62.883,154,7.3,5,1,,,,2,,,,3
2018-08-25,22,13,26,,,IRAN: KERMANSHAH,34.663,46.277,10,6,2,1,267,3,,3,,,2600,4
2018-08-29,3,51,56,1,,NEW CALEDONIA: LOYALTY ISLANDS,-22.066,170.05,28,7.1,,,,,,,,,,
2018-09-05,18,7,58,,,JAPAN: HOKKAIDO,42.671,141.933,33,6.6,44,1,660,3,350,4,,1,,1
2018-09-06,15,49,14,,,FIJI ISLANDS,-18.494,179.332,609,7.8,,,,,,,,,,
2018-09-07,6,23,38,,,IRAN: KERMAN,28.342,59.315,10,5.5,1,1,2,1,,1,,,,1
2018-09-08,2,31,31,,,CHINA: YUNNAN PROVINCE: MOJIANG HANI,23.332,101.552,10,5.6,,,28,1,,3,,,29000,4
2018-09-12,4,50,46,,,INDIA: WEST BENGAL,26.374,90.165,10,5.3,1,1,,,,,,,,
2018-09-28,10,2,43,1,,INDONESIA: SULAWESI,-0.178,119.84,10,7.5,832,3,540,3,,3,,,,